Gender,Age,Spending Score (1-100),Work Experience,Family Size,Profession_Doctor,Profession_Engineer,Profession_Entertainment,Profession_Executive,Profession_Healthcare,Profession_Homemaker,Profession_Lawyer,Profession_Marketing,Annual Income New ($)
1,19,39,1,4,0,0,0,0,1,0,0,0,1
1,21,81,3,3,0,1,0,0,0,0,0,0,2
0,20,6,1,1,0,1,0,0,0,0,0,0,5
0,23,77,0,2,0,0,0,0,0,0,1,0,3
0,31,40,2,6,0,0,1,0,0,0,0,0,2
0,22,76,0,2,0,0,0,0,0,0,0,0,3
0,35,6,1,3,0,0,0,0,1,0,0,0,2
0,23,94,1,3,0,0,0,0,1,0,0,0,5
1,64,3,0,3,0,1,0,0,0,0,0,0,5
0,30,72,1,4,0,0,0,0,0,0,0,0,5
1,67,14,1,3,0,1,0,0,0,0,0,0,1
0,35,99,4,4,0,0,0,0,1,0,0,0,5
0,58,15,0,5,0,0,0,1,0,0,0,0,4
0,24,77,1,1,0,0,0,0,0,0,1,0,5
1,37,13,0,1,1,0,0,0,0,0,0,0,1
1,22,79,1,2,0,0,0,0,1,0,0,0,3
0,35,35,9,5,0,0,0,0,0,1,0,0,2
1,20,66,1,6,0,0,0,0,1,0,0,0,5
1,52,29,1,4,0,0,1,0,0,0,0,0,1
0,35,98,0,1,0,0,0,0,0,0,0,0,4
1,35,35,12,1,0,0,0,0,0,1,0,0,5
1,25,73,3,4,0,0,0,0,1,0,0,0,1
0,46,5,13,2,0,0,0,0,0,0,0,0,3
1,31,73,5,2,0,0,0,0,0,0,0,0,4
0,54,14,1,3,0,0,0,1,0,0,0,0,4
1,29,82,1,3,0,0,0,0,0,0,0,0,3
0,45,32,9,8,0,0,0,0,1,0,0,0,4
1,35,61,1,3,0,0,0,0,0,0,0,0,4
0,40,31,0,1,0,0,0,0,0,0,0,0,1
0,23,87,5,4,0,0,0,0,0,0,0,0,1
1,60,4,0,3,0,0,0,0,0,0,0,0,2
0,21,73,1,2,1,0,0,0,0,0,0,0,2
1,53,4,1,3,0,0,0,0,1,0,0,0,3
1,18,92,9,7,0,0,0,0,0,1,0,0,4
0,49,14,1,2,0,0,0,0,0,0,1,0,5
0,21,81,3,4,0,0,0,0,1,0,0,0,5
0,42,17,5,1,1,0,0,0,0,0,0,0,1
0,30,73,1,5,0,0,0,0,1,0,0,0,4
0,36,26,8,2,0,0,0,0,0,0,0,0,1
0,20,75,8,2,0,0,0,0,0,0,0,0,4
0,65,35,4,1,0,0,0,0,0,0,0,0,2
1,24,92,0,2,0,0,0,0,1,0,0,0,5
1,48,36,14,3,0,0,0,0,0,0,0,0,2
0,31,61,1,2,0,0,0,0,0,0,0,0,2
0,49,28,8,1,0,1,0,0,0,0,0,0,4
0,24,65,4,2,0,0,0,0,0,0,1,0,1
0,50,55,0,4,0,0,0,0,0,0,0,0,3
0,27,47,12,1,0,0,0,0,1,0,0,0,4
0,29,42,0,4,0,0,0,0,1,0,0,0,4
0,31,42,1,1,0,1,0,0,0,0,0,0,2
0,49,52,1,2,0,0,0,0,0,0,0,0,5
1,33,60,1,2,0,0,0,0,0,0,0,0,5
0,31,54,1,1,0,0,0,0,0,0,0,0,4
1,59,60,0,2,0,0,1,0,0,0,0,0,4
0,50,45,1,1,0,0,0,0,0,0,0,1,1
1,47,41,14,2,0,0,0,0,0,0,0,0,5
0,51,50,9,4,0,0,0,0,1,0,0,0,4
1,69,46,8,2,1,0,0,0,0,0,0,0,1
0,27,51,1,3,0,0,0,0,0,0,0,0,3
1,53,46,1,6,0,0,0,0,0,0,1,0,5
1,70,56,0,2,0,0,0,0,0,0,0,0,5
1,19,55,9,2,0,0,0,0,0,0,0,0,3
0,67,52,0,3,0,0,0,0,0,0,1,0,3
0,54,59,1,2,0,0,0,0,0,0,1,0,3
1,63,51,7,2,0,0,0,0,0,0,1,0,4
1,18,59,0,2,0,0,1,0,0,0,0,0,1
0,43,50,0,2,1,0,0,0,0,0,0,0,1
0,68,48,8,4,0,0,0,0,0,0,0,0,5
1,19,59,0,4,0,0,0,0,0,0,0,0,5
0,32,47,2,2,0,0,0,0,0,1,0,0,5
1,70,55,8,2,0,0,0,0,1,0,0,0,5
0,47,42,8,2,0,0,1,0,0,0,0,0,1
0,60,49,0,5,0,0,0,0,0,0,0,0,3
0,60,56,8,4,0,0,0,0,1,0,0,0,1
1,59,47,0,4,0,0,0,0,0,0,0,0,5
1,26,54,0,3,0,0,0,0,0,1,0,0,3
0,45,53,0,2,1,0,0,0,0,0,0,0,4
1,40,48,4,3,0,0,0,0,0,0,0,0,5
0,23,52,2,2,0,1,0,0,0,0,0,0,5
0,49,42,1,1,0,0,0,0,0,0,0,0,5
1,57,51,0,4,0,0,0,0,1,0,0,0,3
1,38,55,6,3,0,0,0,0,1,0,0,0,4
1,67,41,8,1,0,0,0,0,0,0,0,0,6
0,46,44,8,4,0,0,1,0,0,0,0,0,2
0,21,57,1,3,0,0,0,0,0,0,0,1,2
1,48,46,7,5,0,0,0,0,1,0,0,0,2
0,55,58,0,3,0,0,0,0,0,0,0,0,1
0,22,55,5,2,0,0,0,0,0,0,0,0,3
0,34,60,7,3,0,0,1,0,0,0,0,0,4
0,50,46,0,2,1,0,0,0,0,0,0,0,3
0,68,55,0,3,0,0,1,0,0,0,0,0,3
1,18,41,1,4,0,0,0,0,0,0,0,0,2
1,48,49,1,2,0,0,0,0,0,0,0,0,5
0,40,40,1,2,0,0,1,0,0,0,0,0,2
0,32,42,0,1,0,0,0,0,0,0,0,0,2
1,24,52,10,1,0,0,0,0,0,0,0,0,4
0,47,47,0,1,0,0,0,0,0,0,0,0,1
0,27,50,0,2,0,0,0,0,0,0,0,0,4
1,48,42,1,2,1,0,0,0,0,0,0,0,3
1,20,49,3,3,0,1,0,0,0,0,0,0,4
0,23,41,0,4,0,0,0,0,0,0,0,0,4
0,49,48,1,7,0,0,0,1,0,0,0,0,1
1,67,59,0,3,0,0,0,0,0,0,0,0,5
1,26,55,0,5,0,0,0,1,0,0,0,0,3
1,49,56,10,2,0,0,0,0,1,0,0,0,5
0,21,42,1,2,1,0,0,0,0,0,0,0,5
0,66,50,3,2,0,0,0,0,0,1,0,0,3
1,54,46,1,1,0,0,0,0,0,0,1,0,4
1,68,43,6,5,0,0,0,0,1,0,0,0,1
1,66,48,9,3,0,0,0,0,1,0,0,0,1
1,65,52,4,4,0,0,1,0,0,0,0,0,2
0,19,54,0,1,0,0,0,0,0,0,0,0,2
0,38,42,1,5,1,0,0,0,0,0,0,0,4
1,19,46,1,1,0,0,0,0,0,0,0,0,1
0,18,48,0,3,0,0,0,1,0,0,0,0,5
0,19,50,8,4,0,0,0,1,0,0,0,0,3
0,63,43,1,1,0,0,0,0,0,0,1,0,1
0,49,59,0,2,0,0,0,0,0,0,0,0,4
0,51,43,2,7,0,0,0,0,0,0,0,0,5
0,50,57,1,2,0,0,0,0,0,0,0,0,5
1,27,56,0,3,0,0,0,1,0,0,0,0,2
0,38,40,1,4,0,0,0,1,0,0,0,0,3
0,40,58,9,4,0,1,0,0,0,0,0,0,5
1,39,91,1,3,0,0,0,0,1,0,0,0,1
0,23,29,9,2,0,0,1,0,0,0,0,0,1
0,31,77,1,2,0,0,0,0,0,0,0,1,3
1,43,35,0,7,0,1,0,0,0,0,0,0,5
1,40,95,0,2,0,0,0,0,0,0,0,0,1
1,59,11,0,2,0,1,0,0,0,0,0,0,2
1,38,75,8,5,0,0,1,0,0,0,0,0,4
1,47,9,9,5,0,0,0,1,0,0,0,0,4
1,39,75,0,2,0,0,0,0,0,0,1,0,2
0,25,34,6,4,0,0,0,0,1,0,0,0,3
0,31,71,5,1,0,0,0,0,0,0,0,0,3
1,20,5,1,2,0,1,0,0,0,0,0,0,5
0,29,88,5,5,0,0,0,1,0,0,0,0,5
0,44,7,5,2,0,0,0,0,0,0,0,0,4
1,32,73,3,4,0,0,0,0,0,0,0,0,5
1,19,10,8,4,0,0,0,0,0,0,0,1,2
0,35,72,4,4,0,0,0,0,0,0,0,0,1
0,57,5,0,2,0,1,0,0,0,0,0,0,2
1,32,93,0,5,0,0,0,0,0,0,0,0,4
0,28,40,5,3,1,0,0,0,0,0,0,0,4
0,32,87,1,2,0,0,0,0,0,0,1,0,5
1,25,12,0,5,0,1,0,0,0,0,0,0,4
1,28,97,8,5,0,0,0,0,0,0,0,1,2
1,48,36,9,2,0,1,0,0,0,0,0,0,3
0,32,74,1,1,0,0,0,0,0,0,1,0,2
0,34,22,7,4,0,0,0,0,1,0,0,0,3
1,34,90,6,3,0,0,0,0,0,0,0,0,5
1,43,17,0,9,0,0,0,0,0,0,1,0,2
1,39,88,0,1,0,1,0,0,0,0,0,0,3
0,44,20,0,2,0,1,0,0,0,0,0,0,1
0,38,76,2,2,0,0,0,0,0,0,0,0,5
0,47,16,0,4,0,0,0,0,1,0,0,0,4
0,27,89,8,4,0,0,0,0,0,0,0,1,1
1,37,1,1,1,0,0,0,1,0,0,0,0,1
0,30,78,3,4,0,0,0,0,0,0,0,0,5
1,34,1,1,2,0,0,0,0,0,0,1,0,4
0,30,73,3,3,0,0,0,0,0,0,0,0,5
0,56,35,1,1,0,0,0,0,0,0,0,0,1
0,29,83,1,5,0,0,0,0,1,0,0,0,3
1,19,5,0,5,0,0,0,1,0,0,0,0,2
0,31,93,1,5,0,0,0,0,1,0,0,0,3
1,50,26,0,2,1,0,0,0,0,0,0,0,3
0,36,75,5,3,0,0,0,0,0,0,0,0,3
1,42,20,9,3,0,0,0,0,0,1,0,0,4
0,33,95,0,5,0,0,0,0,0,0,0,0,5
0,36,27,0,3,0,0,0,0,0,0,0,0,3
1,32,63,2,2,0,0,0,0,0,0,0,0,0
1,40,13,3,5,0,0,0,0,0,0,0,0,4
1,28,75,0,2,0,0,0,1,0,0,0,0,1
1,36,10,0,2,0,0,0,0,0,0,1,0,4
1,36,92,5,2,0,0,0,0,0,0,0,0,5
0,52,13,0,2,0,0,0,0,0,0,1,0,1
0,30,86,3,4,0,0,0,0,0,0,0,0,2
1,58,15,11,1,0,1,0,0,0,0,0,0,2
1,27,69,2,6,0,0,0,0,1,0,0,0,3
1,59,14,4,3,0,0,0,0,1,0,0,0,5
1,35,90,8,1,0,1,0,0,0,0,0,0,3
0,37,32,7,2,0,0,0,0,0,0,0,0,3
0,32,86,7,5,0,0,1,0,0,0,0,0,4
1,46,15,7,1,0,0,0,0,0,0,0,0,1
0,29,88,4,4,0,0,0,0,0,0,0,0,4
0,41,39,1,1,0,0,0,0,0,0,0,0,2
1,30,97,6,2,0,0,0,0,0,0,0,0,4
0,54,24,1,2,0,0,0,0,0,0,1,0,1
1,28,68,5,3,1,0,0,0,0,0,0,0,3
0,41,17,8,2,0,1,0,0,0,0,0,0,4
0,36,85,4,2,0,0,0,0,0,0,0,0,5
0,34,23,5,3,0,0,0,0,0,0,0,0,5
0,32,69,8,2,0,0,0,0,0,0,0,0,5
1,33,8,9,2,0,0,0,1,0,0,0,0,5
0,38,91,10,4,0,0,0,0,0,0,0,0,3
0,47,16,7,2,0,0,0,0,0,0,0,0,1
0,35,79,1,3,0,0,0,1,0,0,0,0,3
0,45,28,0,2,0,0,0,0,0,0,0,0,4
1,32,74,1,5,0,0,0,0,0,0,0,0,1
1,32,18,1,2,0,0,0,1,0,0,0,0,5
1,30,83,4,2,0,0,0,0,0,0,0,0,2
0,21,10,0,3,0,0,0,0,1,0,0,0,2
1,34,16,9,3,0,0,0,0,1,0,0,0,5
0,16,0,6,8,0,1,0,0,0,0,0,0,3
0,76,39,4,2,0,0,0,0,1,0,0,0,3
0,62,59,0,2,0,0,1,0,0,0,0,0,4
0,63,52,8,3,0,0,0,0,1,0,0,0,1
0,19,61,0,3,0,0,0,0,1,0,0,0,3
1,46,12,2,1,0,0,0,0,0,0,0,0,5
0,48,7,0,2,1,0,0,0,0,0,0,0,1
0,80,33,9,4,0,1,0,0,0,0,0,0,2
0,1,93,1,2,0,1,0,0,0,0,0,0,3
0,0,92,2,1,0,0,0,0,0,0,0,0,2
1,86,70,2,4,0,0,0,0,0,0,0,1,1
1,49,82,8,1,0,0,0,0,0,0,1,0,3
1,48,68,2,4,1,0,0,0,0,0,0,0,5
0,46,70,3,3,0,0,0,0,1,0,0,0,4
1,79,40,6,2,1,0,0,0,0,0,0,0,1
0,83,99,8,2,1,0,0,0,0,0,0,0,2
0,66,34,9,2,0,0,0,1,0,0,0,0,4
0,59,61,9,1,0,0,0,0,0,0,0,0,4
0,39,33,5,3,0,0,0,0,0,0,0,0,5
0,95,51,4,2,0,1,0,0,0,0,0,0,4
1,43,55,4,3,0,0,0,0,0,0,0,0,2
0,93,37,1,5,0,0,0,0,1,0,0,0,5
0,40,48,4,1,0,0,0,0,0,1,0,0,5
0,78,8,1,1,0,1,0,0,0,0,0,0,2
0,25,77,5,4,0,0,0,0,0,0,0,0,2
1,76,86,9,4,0,0,0,0,1,0,0,0,5
1,0,64,1,1,0,0,0,0,0,0,0,1,2
1,15,30,7,2,0,0,0,0,1,0,0,0,5
0,6,53,8,2,0,0,0,0,0,0,1,0,5
1,84,28,0,4,0,0,0,0,1,0,0,0,1
0,67,88,0,2,0,0,0,0,0,0,1,0,1
0,78,14,0,4,0,0,0,0,1,0,0,0,1
0,4,54,9,1,0,0,0,0,0,0,0,0,5
0,29,34,0,4,0,0,0,0,1,0,0,0,4
1,91,96,1,5,0,0,0,0,1,0,0,0,1
1,95,35,0,4,0,0,0,0,0,0,0,0,2
1,55,74,1,4,0,0,0,0,0,0,1,0,2
0,14,11,1,2,0,0,0,0,0,0,0,0,3
1,92,16,1,5,0,0,0,1,0,0,0,0,5
0,65,17,0,3,0,0,0,0,0,0,0,0,4
0,84,14,1,4,0,0,0,0,1,0,0,0,2
0,77,58,0,6,0,0,0,0,0,0,0,0,3
0,53,20,0,4,0,0,0,0,0,0,0,0,1
0,28,75,7,2,0,0,1,0,0,0,0,0,2
1,23,96,1,3,1,0,0,0,0,0,0,0,0
0,32,16,1,2,0,0,0,0,0,0,0,0,1
0,37,2,1,2,0,0,0,0,0,0,0,0,3
0,89,0,0,5,0,1,0,0,0,0,0,0,4
1,80,93,1,3,0,1,0,0,0,0,0,0,1
0,27,65,8,1,1,0,0,0,0,0,0,0,3
0,78,14,5,4,0,0,0,0,0,0,0,0,1
0,86,13,7,3,0,0,0,0,0,0,1,0,4
0,46,32,4,4,0,1,0,0,0,0,0,0,2
1,59,49,4,2,0,0,0,0,0,0,1,0,5
1,12,18,10,1,0,0,0,1,0,0,0,0,2
1,79,96,6,7,0,0,0,0,0,1,0,0,4
0,79,64,2,3,0,0,0,0,0,0,0,0,4
1,26,60,6,4,0,0,0,1,0,0,0,0,2
0,63,16,2,3,0,0,0,0,0,0,0,0,3
0,52,85,2,6,1,0,0,0,0,0,0,0,2
0,32,24,2,3,0,0,0,0,0,0,1,0,2
0,64,38,3,4,0,1,0,0,0,0,0,0,1
0,37,10,1,7,0,0,0,0,0,1,0,0,4
1,7,39,2,2,0,0,1,0,0,0,0,0,5
0,40,68,1,1,0,0,0,0,0,0,0,0,2
0,78,79,0,3,0,0,0,0,0,0,0,0,2
0,34,76,6,6,0,0,1,0,0,0,0,0,1
0,52,39,1,2,0,0,0,0,0,0,0,0,5
1,94,36,0,4,0,0,1,0,0,0,0,0,5
0,1,82,0,3,1,0,0,0,0,0,0,0,1
0,96,76,0,3,0,0,1,0,0,0,0,0,1
0,18,99,0,2,0,0,0,0,0,0,0,0,8
0,37,57,1,2,0,0,0,0,0,0,0,0,1
1,78,89,1,2,0,0,0,0,0,0,1,0,4
1,16,88,7,4,0,0,0,1,0,0,0,0,1
1,93,21,1,1,0,0,0,0,0,0,0,0,5
0,74,12,9,3,0,1,0,0,0,0,0,0,4
1,68,73,3,3,0,0,0,0,1,0,0,0,3
0,32,87,1,4,0,0,0,1,0,0,0,0,4
0,43,63,1,2,0,0,0,0,0,0,0,1,5
0,52,58,1,3,0,0,0,0,0,0,0,0,3
0,63,20,1,2,0,0,0,0,0,0,0,0,4
0,33,11,0,1,0,0,0,0,1,0,0,0,4
1,86,40,0,1,0,0,0,0,0,0,0,0,3
0,85,84,1,1,0,0,1,0,0,0,0,0,7
0,73,47,1,2,0,0,0,0,1,0,0,0,2
0,21,91,0,1,0,0,0,0,0,0,0,1,1
0,93,58,1,3,0,1,0,0,0,0,0,0,1
1,9,62,7,1,0,0,1,0,0,0,0,0,2
0,10,80,6,3,1,0,0,0,0,0,0,0,4
1,11,66,8,8,0,0,0,0,0,0,0,0,2
0,48,36,6,4,0,1,0,0,0,0,0,0,3
0,73,73,2,2,0,0,1,0,0,0,0,0,4
0,66,43,9,3,0,0,0,1,0,0,0,0,4
0,79,91,3,3,0,1,0,0,0,0,0,0,2
1,62,41,6,2,1,0,0,0,0,0,0,0,5
1,17,16,1,3,0,0,0,0,0,0,0,0,4
1,32,86,5,2,0,0,1,0,0,0,0,0,2
1,85,100,3,3,0,0,1,0,0,0,0,0,8
1,31,16,5,2,0,0,0,0,1,0,0,0,5
0,31,73,6,3,0,0,0,0,1,0,0,0,8
0,38,7,5,2,0,0,0,0,1,0,0,0,8
0,90,21,1,2,0,0,0,0,0,0,1,0,6
0,65,26,6,2,0,0,0,0,0,0,0,1,10
0,63,12,4,2,0,0,0,0,0,0,0,0,9
0,61,14,0,2,1,0,0,0,0,0,0,0,7
1,26,83,8,4,0,1,0,0,0,0,0,0,6
0,17,65,1,4,0,1,0,0,0,0,0,0,8
1,56,15,5,6,0,0,0,1,0,0,0,0,5
0,12,30,5,4,0,1,0,0,0,0,0,0,4
0,24,100,5,1,0,0,0,0,0,0,1,0,6
0,13,9,9,4,0,0,0,1,0,0,0,0,4
1,12,77,2,3,1,0,0,0,0,0,0,0,3
1,72,93,9,2,0,0,0,0,0,0,1,0,5
0,54,8,4,4,0,0,0,0,0,1,0,0,7
1,45,91,7,2,0,0,0,0,0,0,0,0,10
1,66,44,8,1,0,0,0,0,0,0,0,1,10
0,27,56,8,4,0,0,0,0,1,0,0,0,4
1,36,21,10,2,0,1,0,0,0,0,0,0,4
1,5,60,13,1,0,0,0,0,0,0,1,0,4
0,89,100,2,4,0,0,0,0,1,0,0,0,6
1,13,94,6,1,1,0,0,0,0,0,0,0,5
0,91,40,4,1,0,0,0,0,0,0,0,0,6
1,16,7,3,1,0,0,0,0,0,0,0,0,7
0,63,90,7,1,0,1,0,0,0,0,0,0,4
1,52,39,4,2,0,1,0,0,0,0,0,0,8
0,37,58,1,5,0,0,0,0,1,0,0,0,5
0,78,2,2,3,0,0,0,0,0,0,0,0,5
1,24,33,0,4,0,1,0,0,0,0,0,0,9
0,4,62,3,4,0,1,0,0,0,0,0,0,5
1,84,67,0,5,0,0,0,0,1,0,0,0,7
1,0,96,0,4,0,0,0,0,0,0,0,0,9
0,67,58,10,2,0,0,1,0,0,0,0,0,6
0,32,30,8,3,0,0,0,0,1,0,0,0,6
0,39,75,1,5,0,0,0,0,1,0,0,0,4
0,68,62,0,2,0,0,0,0,1,0,0,0,4
0,7,28,14,1,1,0,0,0,0,0,0,0,7
0,76,55,8,2,0,0,0,0,0,0,0,0,4
0,84,99,3,1,0,0,0,0,0,0,0,0,9
1,75,82,1,4,0,0,1,0,0,0,0,0,8
1,22,61,0,1,0,0,0,0,0,0,0,0,6
0,90,61,1,1,0,1,0,0,0,0,0,0,8
0,4,99,1,8,0,0,0,0,1,0,0,0,8
0,78,84,0,3,0,0,0,0,0,0,1,0,7
0,58,22,9,1,0,0,0,0,1,0,0,0,3
0,99,41,9,1,0,0,0,0,0,0,0,0,10
0,24,39,2,5,0,0,0,0,0,0,0,1,8
0,88,98,13,4,0,0,0,0,0,0,0,0,9
0,92,91,9,4,0,0,0,0,0,0,0,0,4
1,99,4,13,1,0,1,0,0,0,0,0,0,9
0,51,98,7,1,0,0,0,0,0,0,1,0,4
1,23,35,14,3,0,0,0,0,1,0,0,0,10
0,13,75,9,1,1,0,0,0,0,0,0,0,8
1,22,20,6,1,0,1,0,0,0,0,0,0,9
0,89,87,11,4,0,0,0,0,0,1,0,0,6
1,20,51,13,5,0,0,0,0,0,0,0,1,10
0,72,19,9,3,0,0,0,0,0,0,1,0,4
1,17,71,9,3,0,0,0,0,1,0,0,0,9
1,90,18,8,3,0,0,0,0,0,0,0,0,9
1,99,61,1,2,0,0,1,0,0,0,0,0,4
0,39,73,4,3,0,1,0,0,0,0,0,0,10
0,37,56,1,2,0,0,1,0,0,0,0,0,8
1,46,85,1,2,0,0,0,0,0,0,0,0,4
1,65,72,0,2,0,0,0,0,1,0,0,0,7
0,60,30,1,1,0,0,0,0,0,0,0,0,7
0,93,74,12,3,0,0,0,1,0,0,0,0,6
1,72,15,9,5,0,0,0,0,1,0,0,0,6
0,36,25,1,5,0,0,1,0,0,0,0,0,5
1,52,61,8,1,0,0,0,0,0,0,0,0,5
0,72,49,1,2,0,0,1,0,0,0,0,0,5
0,28,5,2,1,0,0,0,0,0,0,1,0,9
0,48,92,6,4,1,0,0,0,0,0,0,0,9
1,85,43,6,4,1,0,0,0,0,0,0,0,8
1,22,83,8,1,0,0,0,0,0,0,0,0,8
0,30,78,1,1,1,0,0,0,0,0,0,0,8
1,46,64,1,2,0,0,0,0,0,0,0,0,4
0,82,77,2,2,0,0,0,0,0,0,0,0,10
0,73,51,0,1,0,0,1,0,0,0,0,0,9
1,8,2,5,1,0,0,0,0,0,0,0,0,9
1,90,8,0,2,0,1,0,0,0,0,0,0,4
1,34,26,0,6,0,0,0,0,0,0,0,0,5
0,10,43,0,2,0,0,0,0,0,0,0,0,10
0,79,83,1,3,0,0,0,0,0,0,0,0,8
1,83,97,1,2,0,0,0,0,0,0,0,0,7
0,20,18,15,3,0,0,0,0,0,0,0,0,8
0,25,5,15,2,0,0,0,0,0,0,0,0,4
0,26,8,16,2,0,0,0,0,1,0,0,0,6
0,18,23,13,1,1,0,0,0,0,0,0,0,5
0,7,10,7,1,0,0,0,0,0,0,0,0,7
1,1,1,12,2,1,0,0,0,0,0,0,0,5
1,21,30,17,4,0,0,0,0,0,0,0,0,6
0,86,31,9,4,0,0,0,0,0,0,0,0,9
0,75,82,15,1,0,0,0,0,0,0,0,0,8
1,78,52,13,1,0,0,0,0,0,0,1,0,10
0,87,69,6,4,0,0,0,0,0,1,0,0,4
0,8,41,14,3,0,0,1,0,0,0,0,0,6
1,59,28,5,3,0,0,0,1,0,0,0,0,7
1,13,77,15,2,0,0,0,0,0,0,0,0,8
0,55,35,16,1,0,1,0,0,0,0,0,0,5
0,50,92,11,7,0,0,0,0,1,0,0,0,5
1,54,95,13,2,1,0,0,0,0,0,0,0,10
1,13,46,14,3,1,0,0,0,0,0,0,0,9
1,79,45,5,5,0,1,0,0,0,0,0,0,9
0,65,11,17,6,0,0,0,0,0,0,0,0,6
0,51,73,15,3,0,0,0,1,0,0,0,0,4
1,18,36,16,4,0,0,0,1,0,0,0,0,6
1,21,87,2,3,0,0,0,0,1,0,0,0,10
1,37,93,7,4,0,0,0,0,1,0,0,0,6
1,83,83,0,2,0,0,1,0,0,0,0,0,6
0,96,31,0,4,0,0,0,0,0,0,1,0,6
0,65,88,0,4,0,0,0,0,0,0,0,0,5
1,80,44,1,7,0,0,0,0,0,0,0,1,3
0,75,5,1,5,0,0,0,0,0,0,1,0,7
0,87,78,1,4,0,1,0,0,0,0,0,0,6
0,86,12,0,1,0,0,0,0,0,0,0,0,10
0,36,25,8,5,0,0,0,0,0,0,0,0,7
0,78,40,9,7,0,0,0,0,0,1,0,0,9
0,62,69,1,2,0,0,1,0,0,0,0,0,9
1,89,19,1,1,0,0,0,0,1,0,0,0,7
0,56,96,0,6,0,0,1,0,0,0,0,0,10
0,35,34,5,4,0,0,0,0,0,0,0,0,5
1,33,71,1,4,0,0,0,0,0,0,0,0,6
0,58,71,7,7,0,0,1,0,0,0,0,0,8
0,68,93,1,2,0,0,0,0,0,0,0,0,4
1,38,32,2,3,0,0,1,0,0,0,0,0,4
1,31,57,1,5,1,0,0,0,0,0,0,0,8
1,90,4,1,1,0,0,1,0,0,0,0,0,5
1,28,24,1,1,0,1,0,0,0,0,0,0,9
1,1,85,7,4,0,0,0,0,1,0,0,0,6
1,78,78,10,7,0,0,0,1,0,0,0,0,7
0,23,32,3,5,0,0,0,0,0,0,0,0,3
0,25,62,4,1,0,0,0,0,0,0,0,0,4
1,59,38,5,5,0,1,0,0,0,0,0,0,9
0,7,76,1,7,1,0,0,0,0,0,0,0,6
0,24,41,0,1,0,0,0,0,0,0,1,0,4
1,76,14,0,7,0,0,0,0,0,0,0,0,7
1,37,93,1,6,0,0,1,0,0,0,0,0,8
0,6,91,0,1,0,0,0,0,0,0,0,0,9
0,0,29,0,7,0,0,0,0,0,0,0,0,3
1,3,47,1,1,0,0,0,0,0,0,0,0,7
0,95,88,0,3,0,0,0,0,0,0,0,0,4
0,0,16,1,4,0,0,0,0,0,0,1,0,4
1,7,86,13,3,0,0,0,0,0,0,0,0,4
1,54,87,7,6,0,0,0,0,0,0,0,0,4
1,89,24,15,1,0,1,0,0,0,0,0,0,6
0,58,91,6,1,0,1,0,0,0,0,0,0,4
0,12,64,13,5,0,0,0,0,0,0,0,0,6
1,7,80,8,2,0,0,0,0,1,0,0,0,9
1,11,40,8,6,0,0,0,0,1,0,0,0,5
1,74,55,7,4,0,1,0,0,0,0,0,0,7
0,64,20,7,2,0,0,0,0,1,0,0,0,8
0,48,50,10,7,0,0,0,0,0,0,1,0,7
0,8,38,1,5,0,0,0,0,0,0,0,0,4
0,15,99,14,6,0,0,0,0,0,0,0,0,10
1,1,7,0,1,0,0,0,0,0,0,0,0,10
0,21,86,6,6,0,0,0,0,0,0,0,0,8
1,84,44,3,4,0,0,0,0,0,0,0,1,3
0,5,28,4,6,1,0,0,0,0,0,0,0,4
0,47,56,0,7,0,0,0,0,0,0,1,0,7
0,96,29,0,7,0,0,0,0,1,0,0,0,7
1,93,96,2,4,0,0,0,0,0,0,0,0,7
0,16,11,1,4,0,0,1,0,0,0,0,0,5
1,56,41,0,5,0,0,0,0,0,0,0,1,3
0,76,31,1,2,0,1,0,0,0,0,0,0,8
1,0,80,15,2,1,0,0,0,0,0,0,0,10
0,70,53,12,5,0,0,0,1,0,0,0,0,6
0,47,12,4,3,0,0,0,0,0,0,0,0,8
1,13,22,11,4,0,0,0,0,1,0,0,0,10
1,86,46,10,5,0,0,0,0,0,1,0,0,5
1,91,28,15,7,0,0,0,0,0,0,0,0,5
1,97,50,8,2,0,0,0,0,1,0,0,0,6
1,20,92,17,5,0,0,0,0,0,0,0,0,7
0,11,92,5,4,0,0,0,0,1,0,0,0,3
0,28,45,9,2,0,0,0,0,0,0,1,0,4
1,32,42,0,7,0,0,0,0,0,0,0,0,6
1,82,30,0,6,0,0,0,0,0,0,1,0,10
1,39,66,3,6,0,0,0,0,1,0,0,0,10
1,7,85,2,1,0,0,1,0,0,0,0,0,7
0,13,71,6,3,0,0,0,0,0,0,0,0,9
0,34,43,9,6,0,0,0,0,1,0,0,0,8
1,76,81,0,2,0,0,0,0,1,0,0,0,8
0,30,60,1,1,0,0,0,0,1,0,0,0,4
0,69,34,1,7,0,0,0,0,1,0,0,0,6
1,22,59,2,4,0,0,0,0,0,1,0,0,3
0,60,81,1,6,0,0,0,0,0,0,0,0,4
1,66,25,0,1,0,0,0,0,0,0,0,0,7
0,57,34,9,1,0,0,0,0,0,0,0,0,7
0,60,81,1,4,0,0,0,0,1,0,0,0,5
0,59,97,3,4,0,0,0,0,0,0,0,0,7
0,54,88,3,1,0,0,0,0,0,0,1,0,8
1,90,6,4,2,0,0,0,0,0,0,0,0,4
0,14,20,0,4,0,0,0,0,0,0,0,0,4
0,34,54,1,7,0,0,1,0,0,0,0,0,7
0,85,17,12,4,0,0,0,0,1,0,0,0,9
0,83,65,1,1,1,0,0,0,0,0,0,0,5
1,12,96,3,3,0,0,0,0,0,1,0,0,5
1,95,3,12,3,0,0,0,0,0,0,0,0,7
1,41,91,6,7,0,0,0,0,0,0,0,0,4
0,38,96,6,3,0,0,0,0,1,0,0,0,5
1,68,61,8,5,0,0,0,0,1,0,0,0,4
0,4,21,0,7,0,0,0,0,1,0,0,0,3
0,5,17,1,3,0,0,0,0,0,0,0,0,8
0,3,10,1,2,1,0,0,0,0,0,0,0,10
0,20,90,1,3,0,0,0,1,0,0,0,0,6
0,3,30,1,1,0,0,0,1,0,0,0,0,4
1,36,16,1,5,0,0,0,0,1,0,0,0,5
0,70,63,1,1,0,0,0,0,0,0,0,0,6
0,17,47,1,5,0,0,0,0,0,0,0,0,9
0,31,17,6,1,0,0,0,0,0,0,0,0,4
0,48,96,0,1,0,0,1,0,0,0,0,0,9
1,28,29,0,1,0,0,0,0,0,0,0,1,4
1,97,70,9,3,0,0,0,0,1,0,0,0,10
1,81,1,1,2,0,0,0,0,0,0,0,0,5
0,37,91,0,2,0,0,0,0,0,0,0,0,8
1,85,87,1,1,0,0,1,0,0,0,0,0,7
0,78,94,14,7,0,0,0,0,0,1,0,0,3
0,13,2,13,3,0,0,1,0,0,0,0,0,5
0,53,38,1,5,0,0,0,0,1,0,0,0,8
0,41,49,1,3,0,0,1,0,0,0,0,0,9
0,9,60,1,1,0,1,0,0,0,0,0,0,3
1,20,2,8,2,0,0,0,0,1,0,0,0,6
0,98,63,1,5,1,0,0,0,0,0,0,0,9
0,44,2,8,6,0,0,0,0,1,0,0,0,10
0,66,59,15,5,0,0,0,0,1,0,0,0,7
0,58,74,0,3,0,0,0,0,1,0,0,0,10
1,97,21,9,6,0,0,0,0,0,0,0,0,6
1,13,17,0,3,1,0,0,0,0,0,0,0,8
1,48,92,2,2,0,0,0,0,0,0,0,0,6
0,47,44,0,7,0,0,0,0,0,0,0,0,6
1,93,66,14,5,1,0,0,0,0,0,0,0,8
0,11,45,3,2,0,1,0,0,0,0,0,0,9
0,68,59,1,6,1,0,0,0,0,0,0,0,9
0,87,73,0,1,0,0,0,0,0,0,0,0,4
0,22,17,1,2,0,0,1,0,0,0,0,0,5
1,89,33,1,2,1,0,0,0,0,0,0,0,4
1,57,92,9,5,0,1,0,0,0,0,0,0,8
1,91,14,4,2,0,0,0,0,0,0,0,0,4
0,84,95,1,7,0,0,0,0,0,0,0,0,8
1,56,51,0,4,0,0,0,1,0,0,0,0,9
0,26,30,1,2,0,0,0,1,0,0,0,0,3
0,56,87,1,5,0,0,0,0,0,0,0,0,6
0,6,23,3,2,0,0,0,0,0,0,0,0,9
0,33,1,1,1,0,0,1,0,0,0,0,0,5
0,89,26,10,6,0,0,0,0,0,0,0,0,6
1,99,83,0,2,0,1,0,0,0,0,0,0,9
0,25,85,2,1,0,0,0,0,0,0,0,0,8
0,96,40,1,7,0,0,1,0,0,0,0,0,10
0,35,88,5,2,0,0,0,0,0,1,0,0,5
1,16,65,0,3,0,0,0,0,0,0,0,1,3
0,81,12,1,7,1,0,0,0,0,0,0,0,5
0,7,59,1,7,0,0,0,0,0,1,0,0,8
0,31,62,1,1,0,0,0,0,0,0,0,1,7
0,16,62,1,3,0,0,0,0,1,0,0,0,9
1,89,99,0,4,0,0,0,0,0,0,0,0,3
1,84,63,0,6,0,1,0,0,0,0,0,0,6
1,40,96,0,7,0,0,0,0,0,0,0,0,10
0,17,5,8,5,0,0,0,0,1,0,0,0,10
1,0,89,0,6,0,0,0,0,0,0,0,0,8
0,69,52,1,7,0,0,0,0,0,0,0,0,7
0,17,12,11,6,0,0,0,0,0,0,1,0,9
0,0,25,8,1,0,0,1,0,0,0,0,0,8
0,34,3,9,5,0,0,1,0,0,0,0,0,3
0,51,100,15,1,0,0,0,0,1,0,0,0,8
1,54,67,1,7,0,0,0,0,1,0,0,0,6
0,19,14,17,5,0,0,0,0,0,0,0,0,10
0,99,13,0,3,0,1,0,0,0,0,0,0,9
0,2,82,4,3,0,0,0,0,1,0,0,0,6
0,91,37,8,1,0,1,0,0,0,0,0,0,10
1,65,65,1,6,0,0,0,0,0,0,0,0,5
0,47,24,4,5,0,0,0,1,0,0,0,0,6
0,91,61,4,5,0,0,0,0,0,0,0,0,10
0,64,31,1,3,0,0,0,0,0,0,0,0,3
0,91,23,1,6,0,0,0,0,0,0,0,0,4
1,32,34,6,3,0,0,0,0,0,0,0,0,8
1,15,98,8,5,0,1,0,0,0,0,0,0,8
1,22,84,8,3,0,0,0,0,0,0,0,0,9
0,37,89,4,4,0,0,0,0,1,0,0,0,8
1,83,53,4,5,0,0,0,0,0,0,1,0,7
0,89,1,5,1,0,0,0,0,0,0,0,1,7
0,33,67,9,4,0,0,0,0,0,0,0,0,6
0,13,62,12,5,0,0,1,0,0,0,0,0,8
0,71,56,6,2,1,0,0,0,0,0,0,0,9
0,10,85,15,7,0,0,0,0,0,0,0,1,6
1,49,98,5,4,0,0,0,0,0,0,0,0,3
0,9,75,10,2,0,0,0,1,0,0,0,0,9
0,53,2,16,3,0,0,0,0,0,0,1,0,5
0,63,25,12,5,0,0,0,0,1,0,0,0,3
0,46,14,11,5,0,0,0,0,1,0,0,0,8
1,42,52,15,3,0,0,0,0,0,0,0,0,8
0,73,31,7,5,0,0,1,0,0,0,0,0,6
1,75,16,10,7,0,0,0,1,0,0,0,0,9
0,49,41,15,1,1,0,0,0,0,0,0,0,5
0,96,77,8,5,0,1,0,0,0,0,0,0,10
0,52,88,14,3,0,0,0,1,0,0,0,0,4
0,15,51,5,7,0,0,1,0,0,0,0,0,3
1,91,40,15,7,0,0,1,0,0,0,0,0,5
1,22,29,7,3,0,0,1,0,0,0,0,0,4
1,62,87,8,1,0,0,0,0,1,0,0,0,4
1,41,85,16,1,1,0,0,0,0,0,0,0,4
1,61,20,11,4,0,0,0,0,0,0,0,0,7
0,71,32,7,7,0,0,0,0,0,0,0,0,8
0,91,78,17,6,0,0,0,0,0,0,1,0,4
0,94,68,7,6,0,0,0,1,0,0,0,0,5
0,3,31,13,3,0,0,0,0,1,0,0,0,8
0,15,72,8,7,0,0,0,0,0,0,0,0,5
0,96,57,2,1,0,0,0,1,0,0,0,0,8
1,12,77,9,2,0,0,0,0,0,0,0,0,6
0,23,83,0,7,1,0,0,0,0,0,0,0,4
1,94,17,5,7,0,0,0,0,0,0,0,0,5
0,7,12,0,6,0,0,0,0,0,0,0,0,4
0,74,36,0,5,0,0,0,0,0,0,1,0,6
0,52,81,9,2,0,0,0,0,1,0,0,0,5
1,39,23,1,6,0,1,0,0,0,0,0,0,7
1,72,70,8,6,0,0,0,0,1,0,0,0,6
0,55,47,10,4,0,0,0,0,0,0,0,0,9
1,29,74,5,1,0,0,0,0,0,0,1,0,7
1,38,20,1,6,0,0,0,0,0,0,0,1,6
0,44,79,1,3,0,0,0,0,0,0,0,0,4
1,58,44,6,5,0,0,1,0,0,0,0,0,7
1,77,30,1,2,0,0,0,0,1,0,0,0,4
0,56,61,1,7,0,0,1,0,0,0,0,0,5
1,79,52,0,2,0,0,0,0,0,0,0,0,5
0,97,4,1,7,1,0,0,0,0,0,0,0,5
1,78,12,1,6,0,0,0,0,1,0,0,0,5
0,91,50,0,1,0,0,0,0,1,0,0,0,5
1,35,8,0,5,0,0,0,0,0,0,1,0,5
0,43,27,13,4,0,0,0,0,0,0,0,0,8
0,37,83,1,2,0,0,0,0,0,0,1,0,8
1,63,42,3,3,0,0,0,0,0,0,0,0,6
0,16,82,0,7,0,0,0,0,1,0,0,0,5
1,32,92,0,5,0,0,0,0,0,0,0,0,6
1,91,90,0,1,0,0,0,0,0,0,0,0,5
0,33,70,6,3,0,0,0,1,0,0,0,0,7
0,57,10,2,6,0,0,0,0,1,0,0,0,4
0,43,66,0,1,0,0,0,0,1,0,0,0,4
0,26,97,0,5,0,0,1,0,0,0,0,0,6
0,59,8,0,7,1,0,0,0,0,0,0,0,10
0,61,58,0,5,0,0,0,0,0,0,0,0,8
0,59,14,3,4,0,0,0,0,0,0,0,1,9
1,66,19,7,7,0,0,0,0,0,0,0,0,7
1,26,13,0,7,0,0,0,0,1,0,0,0,8
0,67,51,0,5,0,0,0,0,1,0,0,0,9
0,85,35,0,2,0,0,0,0,0,0,0,0,6
0,76,33,0,7,1,0,0,0,0,0,0,0,10
0,57,22,0,1,0,0,0,0,0,0,0,0,5
0,77,77,8,5,0,0,0,0,0,0,1,0,9
0,66,94,1,2,0,0,0,0,1,0,0,0,9
0,49,80,1,6,0,0,0,0,0,0,1,0,9
0,36,40,1,4,1,0,0,0,0,0,0,0,9
1,74,83,0,7,0,0,1,0,0,0,0,0,5
0,16,86,6,3,0,0,0,0,0,0,0,0,10
1,27,15,1,6,0,0,0,1,0,0,0,0,8
0,3,98,0,3,0,0,0,1,0,0,0,0,8
1,31,94,1,3,0,0,0,0,0,0,0,1,7
0,30,28,1,1,0,0,0,1,0,0,0,0,8
1,94,81,0,6,0,0,0,0,0,0,0,0,9
0,31,38,1,6,0,0,0,0,0,0,0,0,10
1,49,53,0,3,0,0,0,0,0,0,0,0,6
1,49,48,6,5,0,0,0,1,0,0,0,0,5
1,53,52,7,7,1,0,0,0,0,0,0,0,8
0,3,95,2,7,0,0,0,0,1,0,0,0,6
0,91,37,4,1,1,0,0,0,0,0,0,0,8
1,26,6,9,7,0,0,0,0,0,0,0,1,4
1,28,64,8,1,0,0,0,0,0,0,0,0,6
0,92,72,1,4,0,0,1,0,0,0,0,0,6
0,59,70,0,7,0,0,0,0,0,0,0,0,8
1,15,58,0,6,0,0,0,0,0,0,0,0,8
0,23,84,1,7,0,1,0,0,0,0,0,0,8
1,54,100,3,3,0,0,0,0,0,0,0,1,3
0,93,49,1,3,0,0,0,0,0,0,0,0,5
0,65,45,1,1,1,0,0,0,0,0,0,0,3
0,13,88,1,5,0,0,0,0,0,0,1,0,10
1,71,45,0,6,1,0,0,0,0,0,0,0,5
1,1,59,8,4,0,0,0,0,0,0,0,0,5
0,57,94,1,1,0,0,0,0,0,0,0,0,5
1,14,79,1,2,0,0,1,0,0,0,0,0,4
0,77,33,1,2,0,0,0,0,1,0,0,0,10
0,89,33,1,7,1,0,0,0,0,0,0,0,7
1,17,100,1,4,0,0,0,0,0,0,0,0,5
1,86,69,1,3,0,0,1,0,0,0,0,0,9
1,42,37,4,4,0,0,0,1,0,0,0,0,3
0,29,95,0,4,0,0,1,0,0,0,0,0,6
0,54,35,0,2,0,0,0,0,0,0,0,0,8
1,96,49,12,5,0,0,0,0,0,0,0,0,7
0,58,12,0,3,0,0,0,0,1,0,0,0,4
0,52,46,0,1,0,1,0,0,0,0,0,0,6
0,3,57,0,1,0,0,0,0,1,0,0,0,7
0,13,66,4,7,0,0,0,0,1,0,0,0,8
0,3,68,1,2,0,0,0,0,1,0,0,0,7
1,89,22,0,3,1,0,0,0,0,0,0,0,6
1,83,2,0,5,0,0,1,0,0,0,0,0,7
0,80,78,10,4,0,0,0,0,0,0,1,0,9
0,74,87,1,4,0,0,1,0,0,0,0,0,5
1,42,3,0,5,0,0,0,0,1,0,0,0,4
0,91,33,8,3,0,0,0,0,0,0,0,0,3
0,31,71,9,2,0,0,0,1,0,0,0,0,7
1,8,84,1,1,0,0,0,0,0,0,0,0,8
1,64,65,0,5,0,0,0,1,0,0,0,0,9
0,41,27,8,7,0,0,0,0,1,0,0,0,9
0,62,93,0,1,0,0,0,0,0,0,0,0,4
1,41,26,7,7,0,0,0,0,1,0,0,0,6
1,22,40,5,7,0,0,0,0,0,0,0,0,6
1,5,89,7,7,0,0,1,0,0,0,0,0,3
0,38,2,6,1,0,0,0,0,0,0,0,0,7
0,88,7,0,5,0,1,0,0,0,0,0,0,7
1,56,100,6,6,0,0,0,0,0,0,0,0,6
1,47,8,0,4,0,0,0,1,0,0,0,0,4
1,4,93,2,1,0,0,0,0,0,1,0,0,8
1,82,76,9,7,0,0,1,0,0,0,0,0,8
0,31,71,1,2,0,0,0,0,0,0,1,0,4
0,69,83,1,6,0,0,0,0,1,0,0,0,8
1,62,75,1,1,1,0,0,0,0,0,0,0,5
0,54,10,0,2,0,0,0,0,0,0,0,0,7
0,60,49,1,2,0,0,0,0,0,0,0,1,10
0,31,32,1,7,0,0,0,0,0,0,0,0,3
0,17,62,6,4,0,0,0,0,1,0,0,0,6
0,15,34,9,7,0,0,0,0,1,0,0,0,3
0,37,21,7,6,0,0,0,0,1,0,0,0,8
1,36,37,0,3,0,0,0,1,0,0,0,0,5
0,27,20,0,4,0,0,1,0,0,0,0,0,5
0,11,21,7,4,0,1,0,0,0,0,0,0,5
1,83,50,8,5,0,0,1,0,0,0,0,0,4
0,71,43,2,1,0,0,0,0,0,0,0,1,4
0,20,79,0,1,1,0,0,0,0,0,0,0,3
1,3,1,1,6,0,0,0,1,0,0,0,0,4
1,52,4,0,1,0,1,0,0,0,0,0,0,9
1,75,61,1,2,0,0,0,0,1,0,0,0,8
1,36,42,0,2,0,0,0,0,0,0,0,0,9
1,60,69,7,1,0,0,1,0,0,0,0,0,10
1,8,71,1,3,0,0,0,0,1,0,0,0,6
0,9,86,1,2,0,0,0,0,0,0,0,0,8
0,41,52,0,6,0,0,1,0,0,0,0,0,6
1,38,11,7,4,0,0,0,0,1,0,0,0,5
0,69,27,1,6,0,0,0,1,0,0,0,0,7
0,33,53,5,5,0,0,0,1,0,0,0,0,10
1,64,6,3,3,0,0,0,0,1,0,0,0,7
1,19,49,1,1,0,1,0,0,0,0,0,0,6
0,88,74,0,3,0,0,0,0,0,0,0,0,5
0,91,59,9,3,0,1,0,0,0,0,0,0,9
1,84,27,2,1,0,1,0,0,0,0,0,0,9
0,43,56,4,1,0,0,1,0,0,0,0,0,3
0,30,49,1,4,0,1,0,0,0,0,0,0,8
1,16,69,1,4,0,0,0,0,1,0,0,0,7
1,89,27,0,7,0,0,1,0,0,0,0,0,6
1,5,37,1,3,0,0,0,0,0,0,0,0,9
0,54,10,0,3,0,0,1,0,0,0,0,0,9
0,41,28,4,5,0,0,0,0,0,0,0,0,6
1,80,97,6,6,0,0,0,0,0,0,0,0,7
1,37,3,10,1,0,0,0,0,1,0,0,0,8
1,87,31,0,7,0,0,0,0,1,0,0,0,9
0,50,85,1,4,0,0,1,0,0,0,0,0,10
0,14,46,0,6,0,0,0,0,0,0,1,0,3
0,17,3,1,1,0,0,0,0,0,0,0,1,4
0,98,55,1,6,0,0,0,0,0,0,0,0,5
1,3,53,8,3,0,1,0,0,0,0,0,0,3
0,83,26,1,5,0,1,0,0,0,0,0,0,6
1,13,36,6,6,0,0,0,0,0,0,0,0,7
0,46,64,8,6,0,0,1,0,0,0,0,0,4
0,25,17,4,6,0,0,0,0,1,0,0,0,3
0,4,49,7,5,0,0,0,0,0,0,0,0,6
1,64,67,0,2,0,0,0,0,0,0,1,0,5
0,84,71,1,4,1,0,0,0,0,0,0,0,8
1,12,90,0,2,0,0,0,0,0,0,0,0,6
0,56,78,0,2,0,1,0,0,0,0,0,0,9
1,58,60,8,1,0,0,1,0,0,0,0,0,8
0,0,22,1,7,0,0,0,0,0,0,0,1,8
0,25,84,1,3,0,1,0,0,0,0,0,0,6
1,28,25,9,6,0,0,0,0,1,0,0,0,9
1,78,29,0,5,0,1,0,0,0,0,0,0,3
1,56,57,6,3,0,0,1,0,0,0,0,0,6
1,91,54,0,2,0,0,0,0,0,0,0,0,3
1,77,84,0,7,0,0,1,0,0,0,0,0,5
0,83,38,3,7,0,0,0,0,0,0,0,0,8
0,64,39,9,2,0,0,0,0,0,0,0,0,4
1,19,73,0,6,0,0,1,0,0,0,0,0,5
1,94,52,10,2,0,1,0,0,0,0,0,0,10
1,19,35,1,2,0,0,0,0,0,0,0,1,5
1,84,25,1,7,0,0,1,0,0,0,0,0,7
0,10,10,2,3,0,0,0,0,1,0,0,0,8
0,19,70,0,1,0,0,0,0,0,0,0,0,3
1,74,29,7,4,0,1,0,0,0,0,0,0,4
0,95,42,1,2,0,0,0,0,0,0,0,0,6
0,34,93,1,4,0,0,0,0,0,1,0,0,6
1,30,7,2,6,0,0,0,0,0,0,0,0,3
0,53,24,2,6,0,0,1,0,0,0,0,0,6
1,67,2,1,6,0,0,0,0,0,0,0,0,6
0,23,23,9,6,0,0,0,0,0,1,0,0,5
0,25,79,1,2,0,0,1,0,0,0,0,0,4
0,84,11,1,4,0,0,0,0,0,0,1,0,8
0,1,17,1,7,0,0,0,0,0,0,0,0,9
1,70,42,4,4,0,0,1,0,0,0,0,0,8
0,56,17,7,2,0,0,0,0,1,0,0,0,7
0,0,86,1,7,0,0,0,0,0,0,1,0,8
0,91,29,9,1,1,0,0,0,0,0,0,0,9
0,81,29,3,5,0,0,1,0,0,0,0,0,8
1,33,77,0,1,0,0,0,1,0,0,0,0,4
1,75,13,1,4,0,0,0,0,0,0,0,0,5
1,11,84,1,2,0,0,0,1,0,0,0,0,9
0,61,50,0,3,0,0,0,0,0,0,0,0,8
1,81,36,5,7,0,0,0,0,0,0,0,0,8
0,62,78,0,4,0,0,0,0,0,0,0,1,7
0,44,32,4,5,0,0,0,0,0,0,0,0,9
0,67,92,8,4,0,0,0,0,1,0,0,0,7
0,30,69,0,3,0,0,0,0,1,0,0,0,10
0,92,26,1,1,0,0,0,0,0,0,0,0,5
1,25,84,1,7,0,0,1,0,0,0,0,0,3
0,61,51,0,4,0,0,0,0,1,0,0,0,9
0,72,57,0,7,0,0,0,1,0,0,0,0,4
0,89,52,1,6,0,0,0,0,0,0,0,0,8
0,37,44,0,2,0,0,0,1,0,0,0,0,10
1,59,51,8,7,0,0,0,1,0,0,0,0,10
1,41,36,1,3,0,0,1,0,0,0,0,0,5
1,60,37,1,2,1,0,0,0,0,0,0,0,8
0,81,73,1,6,0,0,1,0,0,0,0,0,3
1,85,42,8,2,0,0,0,0,0,1,0,0,8
0,91,71,0,7,0,0,0,0,0,0,0,0,8
0,65,12,6,4,1,0,0,0,0,0,0,0,3
0,19,48,6,7,0,0,0,0,1,0,0,0,6
0,78,9,10,7,0,0,0,0,0,0,0,0,4
0,0,28,7,3,0,0,0,0,0,0,0,1,6
1,26,21,6,1,0,0,1,0,0,0,0,0,10
0,2,100,8,1,0,0,1,0,0,0,0,0,7
0,60,55,7,2,0,0,0,0,1,0,0,0,9
0,67,25,4,1,0,0,0,0,0,0,0,0,5
0,4,40,4,5,0,0,0,0,0,1,0,0,4
1,7,58,8,1,0,1,0,0,0,0,0,0,6
1,28,36,4,7,0,0,0,0,0,0,0,0,5
1,67,75,0,7,0,0,0,0,0,0,0,0,4
0,30,61,1,1,0,0,0,1,0,0,0,0,6
1,38,39,13,4,0,0,0,0,0,0,0,1,9
0,40,34,1,7,0,1,0,0,0,0,0,0,7
0,6,83,1,7,0,0,0,0,0,0,1,0,8
0,3,45,4,5,0,0,0,1,0,0,0,0,8
0,51,60,7,6,0,0,0,0,1,0,0,0,6
1,63,57,0,2,0,0,0,0,1,0,0,0,5
1,65,8,0,7,0,0,0,0,0,0,0,0,9
1,44,68,1,3,1,0,0,0,0,0,0,0,4
0,90,63,0,7,0,0,0,0,1,0,0,0,4
1,76,49,1,6,0,0,0,0,1,0,0,0,5
0,62,54,0,2,0,0,0,0,1,0,0,0,10
0,5,69,14,6,1,0,0,0,0,0,0,0,9
0,67,38,12,2,0,0,0,0,0,0,0,0,10
0,38,45,8,1,0,0,0,0,1,0,0,0,9
0,31,21,9,7,0,0,0,0,1,0,0,0,4
1,2,51,9,3,0,0,1,0,0,0,0,0,9
0,82,38,5,7,0,0,0,0,0,0,1,0,6
0,66,26,4,1,0,0,0,0,1,0,0,0,7
0,75,32,8,1,0,0,0,0,1,0,0,0,9
1,69,32,7,2,0,0,0,0,0,0,0,0,10
0,62,86,6,1,0,0,0,0,1,0,0,0,6
0,0,41,7,1,0,0,0,0,0,0,1,0,7
0,11,42,1,3,0,0,0,1,0,0,0,0,8
0,22,23,1,3,0,0,0,0,0,0,0,0,7
1,76,23,0,1,0,0,0,0,0,0,1,0,8
1,85,46,0,6,0,1,0,0,0,0,0,0,8
1,21,16,14,3,0,0,0,0,0,0,0,1,8
0,64,48,1,4,0,0,0,0,1,0,0,0,8
1,94,34,0,3,0,0,0,0,1,0,0,0,8
0,83,22,4,4,0,0,0,0,0,0,1,0,9
0,93,50,0,3,0,0,0,0,0,0,0,1,4
0,12,46,8,7,0,0,0,0,0,0,0,0,9
0,0,10,0,2,0,1,0,0,0,0,0,0,8
0,79,9,12,5,0,0,0,0,0,0,0,1,9
1,90,49,5,6,0,0,0,0,0,0,0,0,3
0,45,77,0,2,1,0,0,0,0,0,0,0,4
0,82,52,8,7,0,0,0,0,0,0,0,1,8
0,57,14,1,4,0,0,0,0,1,0,0,0,3
0,43,6,1,2,0,0,1,0,0,0,0,0,6
1,63,65,6,2,0,1,0,0,0,0,0,0,7
0,62,13,0,6,0,0,0,0,0,0,0,0,8
0,43,80,9,4,0,0,0,0,0,1,0,0,10
0,34,98,1,4,0,0,0,0,1,0,0,0,5
0,30,22,2,2,0,0,0,0,0,0,0,0,8
1,97,42,10,4,0,0,1,0,0,0,0,0,9
1,68,37,0,4,0,0,0,0,0,0,0,0,6
1,16,67,1,2,0,0,0,0,0,0,0,0,4
0,15,86,9,7,0,0,0,0,1,0,0,0,5
1,25,48,0,2,0,0,0,1,0,0,0,0,7
0,29,24,6,4,0,0,0,0,0,0,0,0,4
0,85,75,6,4,0,0,0,0,0,0,0,0,5
0,30,38,7,7,1,0,0,0,0,0,0,0,3
0,13,92,0,4,0,0,0,0,1,0,0,0,8
0,88,90,6,4,0,0,0,1,0,0,0,0,9
1,5,65,9,2,0,0,0,0,0,0,0,0,4
0,95,61,0,1,0,0,0,0,0,0,0,0,4
0,92,66,5,2,0,0,0,1,0,0,0,0,4
0,63,89,1,2,0,1,0,0,0,0,0,0,4
0,75,73,1,5,0,0,0,0,0,0,0,1,4
1,67,71,5,7,0,0,0,0,0,0,0,0,5
0,58,48,8,7,0,1,0,0,0,0,0,0,7
1,52,31,8,3,0,0,1,0,0,0,0,0,7
0,85,68,1,5,0,0,0,0,0,0,0,0,8
0,31,89,1,1,1,0,0,0,0,0,0,0,8
0,84,60,10,6,0,0,0,0,0,0,0,0,5
0,93,3,10,2,0,0,0,0,0,0,0,1,5
1,18,81,7,3,0,0,0,0,0,0,1,0,4
1,73,39,10,1,0,0,0,0,0,0,1,0,4
1,3,42,8,7,0,0,0,0,1,0,0,0,8
1,1,17,7,3,0,0,0,0,0,0,1,0,4
1,53,62,4,2,1,0,0,0,0,0,0,0,9
0,75,28,7,6,0,0,0,0,0,0,0,0,6
0,15,37,9,7,0,0,0,0,0,0,0,0,9
0,47,57,6,6,0,0,0,0,1,0,0,0,8
0,66,8,10,3,0,0,0,0,1,0,0,0,6
0,17,100,8,4,0,0,0,0,0,0,0,0,6
0,1,14,9,6,0,0,0,0,0,0,0,0,9
1,16,50,4,6,0,0,0,0,0,0,0,1,9
0,52,94,8,7,0,0,0,0,0,1,0,0,9
1,21,19,5,1,0,0,0,0,0,0,0,0,4
0,19,46,7,2,0,0,0,0,0,1,0,0,7
0,29,23,7,6,0,1,0,0,0,0,0,0,10
0,40,93,5,7,0,0,0,0,0,0,0,0,6
1,76,41,1,2,0,0,0,0,1,0,0,0,6
1,91,20,0,4,0,1,0,0,0,0,0,0,4
0,24,13,1,3,0,0,0,0,0,0,0,0,4
1,4,60,9,1,0,0,0,0,0,0,0,0,5
1,90,69,0,2,0,0,0,0,0,0,0,0,5
0,56,65,0,1,0,1,0,0,0,0,0,0,5
1,14,17,1,3,0,0,0,0,0,0,1,0,7
1,52,12,0,6,0,0,0,0,0,0,0,0,10
0,14,3,1,3,0,0,0,0,0,0,0,0,8
1,30,16,0,7,0,0,0,0,0,0,0,0,6
0,70,60,8,5,0,0,0,0,0,0,0,0,4
1,14,78,4,6,0,0,0,0,1,0,0,0,8
0,95,97,0,6,0,0,0,0,1,0,0,0,4
1,25,87,0,3,0,0,0,0,0,0,0,0,5
0,95,10,1,3,0,0,1,0,0,0,0,0,6
0,12,97,1,3,0,0,0,1,0,0,0,0,5
1,82,55,10,3,0,0,1,0,0,0,0,0,6
0,2,81,1,6,0,0,0,0,0,0,0,0,8
1,51,86,1,1,0,1,0,0,0,0,0,0,9
1,63,11,0,7,0,0,0,0,1,0,0,0,9
0,30,6,1,3,0,0,0,0,0,0,0,0,10
0,68,81,5,7,0,0,0,0,0,0,0,0,4
0,21,1,0,6,0,0,0,0,1,0,0,0,5
0,99,72,6,3,0,0,1,0,0,0,0,0,3
0,0,73,9,5,0,0,0,0,0,0,0,0,6
0,80,1,4,4,0,0,1,0,0,0,0,0,4
0,51,29,0,2,0,0,0,0,1,0,0,0,4
1,18,82,3,6,0,0,0,0,0,0,0,0,10
1,43,17,3,3,0,0,0,0,0,0,0,0,9
0,29,54,10,6,0,0,0,0,0,0,1,0,5
0,20,8,1,1,0,0,0,0,0,0,1,0,10
0,39,37,6,6,0,0,0,0,0,0,0,0,3
0,9,69,9,5,0,0,0,0,0,0,0,1,8
0,45,39,9,4,0,0,0,0,0,0,0,0,7
0,65,64,0,1,0,0,0,0,0,0,0,0,6
0,64,52,0,4,0,0,0,0,1,0,0,0,8
0,81,23,5,4,0,0,1,0,0,0,0,0,7
1,54,24,0,7,0,0,1,0,0,0,0,0,3
0,32,36,0,4,0,0,0,0,0,0,0,0,7
1,29,71,11,4,1,0,0,0,0,0,0,0,5
0,25,93,0,2,0,0,0,0,0,0,0,0,6
1,5,82,1,1,0,0,1,0,0,0,0,0,5
0,55,49,8,2,0,0,0,0,1,0,0,0,5
1,12,14,6,3,0,0,0,0,1,0,0,0,10
0,81,48,9,6,0,0,1,0,0,0,0,0,6
1,87,63,4,4,0,1,0,0,0,0,0,0,4
1,12,97,7,3,0,0,0,0,0,0,0,0,6
1,91,4,7,1,0,0,0,0,0,0,1,0,10
0,63,79,6,1,0,0,0,0,0,0,0,0,7
0,97,54,8,7,0,0,0,0,0,1,0,0,9
1,89,52,6,3,0,0,0,0,1,0,0,0,7
1,59,56,9,1,0,1,0,0,0,0,0,0,9
0,26,2,5,4,0,0,0,0,0,1,0,0,4
0,5,98,5,1,1,0,0,0,0,0,0,0,9
1,32,49,1,7,0,0,0,0,1,0,0,0,10
0,98,41,6,1,0,1,0,0,0,0,0,0,6
1,31,30,3,6,0,0,0,0,0,0,0,0,10
0,59,57,4,5,0,0,0,0,0,0,0,0,6
0,80,34,0,2,0,0,1,0,0,0,0,0,9
0,12,3,1,2,0,0,0,0,0,0,0,1,5
1,80,23,0,2,0,1,0,0,0,0,0,0,5
1,59,87,0,5,0,0,1,0,0,0,0,0,5
0,56,17,1,2,0,0,0,0,0,0,0,0,6
1,18,11,1,3,1,0,0,0,0,0,0,0,7
0,66,19,1,4,0,0,0,0,0,0,0,0,8
0,67,62,2,3,0,1,0,0,0,0,0,0,9
1,39,51,0,7,0,0,0,0,0,0,1,0,8
1,23,97,7,6,0,0,0,0,1,0,0,0,4
1,47,61,1,6,0,0,0,1,0,0,0,0,7
0,41,5,9,7,0,0,0,0,0,1,0,0,5
0,40,23,0,5,0,0,0,0,1,0,0,0,9
1,36,53,8,3,0,0,0,0,0,0,0,0,3
0,12,40,1,2,0,0,1,0,0,0,0,0,4
0,60,47,0,2,0,0,1,0,0,0,0,0,10
0,24,84,3,5,0,0,0,1,0,0,0,0,8
0,17,96,9,3,0,0,0,0,0,0,0,0,6
0,92,51,1,3,0,0,0,1,0,0,0,0,6
1,32,93,1,2,0,0,0,0,0,0,0,0,7
1,39,24,13,6,1,0,0,0,0,0,0,0,6
0,50,53,9,2,0,0,0,0,0,0,0,0,4
0,85,74,0,4,0,1,0,0,0,0,0,0,6
1,65,65,2,3,0,0,0,0,1,0,0,0,3
0,17,36,4,3,0,0,0,0,0,0,0,0,10
0,31,22,10,4,0,0,1,0,0,0,0,0,9
1,24,95,11,3,0,0,0,0,0,0,0,0,4
1,97,75,0,1,0,0,1,0,0,0,0,0,4
0,92,11,0,4,0,0,1,0,0,0,0,0,5
0,80,5,5,6,0,0,0,0,0,0,0,0,3
1,33,45,2,5,0,0,0,0,1,0,0,0,8
1,8,45,1,6,0,0,0,0,0,0,1,0,4
1,67,3,4,4,0,0,0,0,1,0,0,0,6
0,8,6,0,2,0,0,0,0,0,0,0,0,7
0,61,60,0,6,0,0,0,0,0,0,1,0,6
1,83,49,9,7,0,0,0,0,0,0,0,0,5
1,8,98,8,6,0,0,0,0,1,0,0,0,8
1,69,67,0,5,0,0,0,0,0,0,0,0,4
1,14,59,1,6,0,0,1,0,0,0,0,0,9
0,80,62,0,4,0,0,0,1,0,0,0,0,7
0,85,22,8,4,0,0,0,0,0,0,0,0,6
1,88,56,1,5,0,0,0,0,0,0,0,0,5
0,76,13,7,3,0,0,0,1,0,0,0,0,9
0,32,60,4,4,0,0,1,0,0,0,0,0,6
0,99,83,1,7,0,0,1,0,0,0,0,0,3
0,85,39,2,5,0,0,0,0,0,0,0,0,7
0,25,22,1,7,0,0,0,0,0,0,1,0,6
0,99,94,1,5,0,0,0,1,0,0,0,0,8
1,41,91,1,5,0,0,0,0,1,0,0,0,6
0,1,59,2,2,0,0,0,0,0,0,0,0,8
0,45,51,1,3,0,0,0,0,1,0,0,0,3
1,55,82,0,5,0,0,0,0,1,0,0,0,5
0,20,25,0,3,0,0,0,0,0,0,0,1,8
0,33,31,1,2,0,0,0,0,0,0,0,0,5
1,92,75,1,5,0,0,1,0,0,0,0,0,3
1,93,52,0,4,0,1,0,0,0,0,0,0,5
1,60,38,5,2,0,0,0,0,0,0,0,0,9
1,38,17,3,2,1,0,0,0,0,0,0,0,6
1,15,87,2,5,0,0,0,0,0,0,0,0,6
1,74,16,1,5,0,0,0,0,0,0,0,0,8
0,47,76,0,1,0,0,0,1,0,0,0,0,5
0,96,81,9,5,1,0,0,0,0,0,0,0,9
1,97,65,4,5,0,0,0,0,1,0,0,0,4
0,35,51,1,4,0,0,0,0,1,0,0,0,9
0,19,38,0,3,0,0,0,0,0,0,0,1,9
1,60,98,1,6,0,1,0,0,0,0,0,0,9
1,37,53,11,3,0,0,1,0,0,0,0,0,5
0,49,77,1,7,0,0,0,0,0,0,0,0,8
0,1,80,8,5,0,0,1,0,0,0,0,0,6
1,43,38,1,4,0,0,0,0,0,0,0,0,10
0,46,50,1,6,0,0,0,0,0,0,0,0,9
0,65,87,6,3,0,0,0,0,0,0,0,0,6
1,75,27,6,7,0,0,0,0,1,0,0,0,5
1,40,39,5,6,0,0,1,0,0,0,0,0,9
1,28,31,1,4,0,1,0,0,0,0,0,0,8
0,78,44,0,3,1,0,0,0,0,0,0,0,4
0,22,49,9,5,0,0,0,0,0,0,0,0,9
1,6,83,1,3,0,0,1,0,0,0,0,0,5
1,46,1,0,6,0,0,1,0,0,0,0,0,8
1,17,84,1,3,1,0,0,0,0,0,0,0,6
0,46,37,1,2,0,0,1,0,0,0,0,0,6
0,72,99,7,4,0,0,0,0,0,0,0,0,6
0,38,66,8,6,0,0,0,0,0,0,0,0,9
0,50,56,1,1,0,0,0,0,0,0,0,0,10
1,47,81,1,2,0,0,0,0,1,0,0,0,4
0,72,21,8,4,0,0,0,0,0,1,0,0,6
1,8,57,1,6,1,0,0,0,0,0,0,0,6
0,34,24,0,4,0,0,0,0,0,0,0,0,7
0,53,82,0,6,0,0,0,0,1,0,0,0,4
0,82,88,0,1,0,0,0,1,0,0,0,0,5
1,63,40,9,6,0,0,0,0,0,0,0,0,7
0,58,37,9,4,1,0,0,0,0,0,0,0,9
1,23,21,1,1,0,0,0,0,0,0,0,1,7
0,80,30,1,6,0,0,0,0,0,0,0,0,3
1,45,45,1,4,1,0,0,0,0,0,0,0,4
0,30,46,1,4,0,0,0,0,0,0,0,0,4
0,84,12,0,7,0,0,0,0,0,0,0,0,8
1,45,87,4,4,0,0,0,0,0,0,0,0,8
1,85,18,1,3,0,0,1,0,0,0,0,0,6
1,23,87,1,4,0,0,0,0,0,0,0,0,8
1,79,75,1,7,0,0,0,0,1,0,0,0,4
1,47,72,1,5,0,0,1,0,0,0,0,0,9
0,93,71,0,3,1,0,0,0,0,0,0,0,9
0,95,81,2,5,0,0,1,0,0,0,0,0,4
1,44,70,1,6,0,0,1,0,0,0,0,0,4
1,95,66,0,1,0,0,1,0,0,0,0,0,9
1,28,45,8,4,0,1,0,0,0,0,0,0,7
1,91,95,0,5,0,1,0,0,0,0,0,0,5
0,81,1,9,5,0,1,0,0,0,0,0,0,8
0,90,16,8,7,0,0,0,0,0,0,0,0,7
1,79,77,0,4,0,0,1,0,0,0,0,0,8
0,6,28,1,1,0,0,0,0,0,0,0,0,6
0,38,24,1,1,0,0,0,0,0,0,1,0,3
1,87,15,8,1,0,0,0,0,1,0,0,0,8
0,93,13,1,7,0,1,0,0,0,0,0,0,4
1,44,84,0,3,0,1,0,0,0,0,0,0,5
0,10,78,0,3,0,0,0,0,0,0,0,0,9
0,84,27,0,3,0,0,0,0,0,0,0,0,3
0,7,94,3,4,0,0,0,1,0,0,0,0,9
0,41,86,0,6,0,0,0,0,0,0,0,0,5
1,87,3,7,5,0,0,0,0,0,0,0,0,8
0,33,55,0,2,0,0,0,0,0,0,0,0,4
0,34,62,1,2,0,0,0,0,1,0,0,0,9
0,53,56,10,2,0,0,0,0,1,0,0,0,7
0,47,57,0,3,0,0,0,0,1,0,0,0,7
1,53,3,1,6,1,0,0,0,0,0,0,0,6
1,92,4,1,1,0,0,0,0,0,0,0,0,4
1,89,59,12,7,0,0,0,0,0,0,0,0,4
0,27,54,0,4,0,0,1,0,0,0,0,0,8
1,70,41,9,3,0,0,1,0,0,0,0,0,4
0,86,57,5,6,0,1,0,0,0,0,0,0,8
0,99,50,1,2,0,0,1,0,0,0,0,0,6
0,96,84,2,7,0,0,1,0,0,0,0,0,4
0,65,55,1,5,0,0,0,0,0,0,0,0,5
0,82,34,0,5,0,0,0,1,0,0,0,0,9
1,36,85,6,7,0,1,0,0,0,0,0,0,10
0,30,46,0,6,0,0,0,0,0,0,1,0,7
0,96,56,0,5,0,0,0,0,1,0,0,0,5
0,69,30,9,7,0,1,0,0,0,0,0,0,8
0,34,14,0,6,0,0,0,0,1,0,0,0,5
1,74,25,4,1,0,0,0,0,0,0,0,0,9
1,97,93,1,5,0,0,0,0,0,0,1,0,8
1,56,49,0,7,0,1,0,0,0,0,0,0,6
0,30,44,0,1,0,0,0,0,0,0,0,0,7
1,13,49,1,3,0,0,0,1,0,0,0,0,6
0,95,16,11,5,0,1,0,0,0,0,0,0,9
0,2,42,1,7,0,0,0,1,0,0,0,0,6
0,78,43,9,4,0,0,0,1,0,0,0,0,9
0,54,12,1,2,0,0,1,0,0,0,0,0,9
0,85,26,7,4,0,0,0,0,1,0,0,0,4
1,13,71,1,2,0,0,0,0,0,0,0,0,4
0,85,99,8,2,0,0,0,0,0,0,0,0,5
0,41,97,1,4,0,0,0,0,0,0,0,0,4
0,25,57,2,4,0,0,0,0,0,0,0,1,8
0,74,41,5,1,0,0,0,0,0,0,0,0,3
1,8,55,0,6,0,0,0,0,1,0,0,0,8
1,62,32,10,6,0,0,0,0,0,0,0,0,8
1,52,10,1,6,0,0,0,0,0,0,0,0,6
0,36,56,5,2,0,0,0,0,1,0,0,0,6
1,11,24,0,3,0,0,0,0,0,0,1,0,8
0,84,83,1,3,0,0,0,0,0,0,0,0,7
0,99,99,0,5,0,0,0,0,0,0,1,0,3
0,51,27,0,6,0,0,0,0,0,0,0,0,6
0,57,52,1,7,0,0,0,0,0,0,0,0,4
1,92,42,6,2,0,0,0,0,1,0,0,0,5
1,29,100,7,3,0,0,1,0,0,0,0,0,6
1,62,49,1,4,0,0,1,0,0,0,0,0,8
0,43,90,0,4,0,0,1,0,0,0,0,0,8
1,72,26,0,1,0,0,0,0,0,0,0,1,4
0,28,88,6,3,0,0,0,0,0,0,0,0,6
0,57,3,5,4,0,0,0,1,0,0,0,0,8
0,86,91,9,6,0,0,0,0,0,0,1,0,8
0,26,7,1,6,0,0,0,0,0,0,1,0,4
0,13,40,9,3,0,0,0,0,0,0,0,1,6
1,1,68,1,5,0,0,0,0,0,0,0,0,4
0,89,64,2,3,0,0,0,0,0,1,0,0,7
0,91,96,0,5,0,0,0,0,1,0,0,0,3
0,67,63,1,7,0,0,0,0,0,0,0,1,7
1,63,51,0,4,0,0,0,0,0,0,1,0,8
0,90,62,0,6,0,0,0,0,1,0,0,0,10
0,87,97,1,6,0,0,0,1,0,0,0,0,7
0,89,55,1,2,0,0,0,0,1,0,0,0,8
0,34,60,0,6,0,0,0,0,0,0,0,0,4
1,89,82,0,3,0,0,0,0,1,0,0,0,5
1,31,24,1,6,0,1,0,0,0,0,0,0,4
1,55,93,2,3,1,0,0,0,0,0,0,0,4
0,3,4,9,2,0,0,0,0,1,0,0,0,10
1,64,84,3,1,0,0,0,0,1,0,0,0,9
0,1,97,0,3,1,0,0,0,0,0,0,0,6
0,20,21,7,4,0,0,0,0,1,0,0,0,8
0,18,29,7,4,0,0,0,0,0,0,0,0,10
0,83,20,4,6,0,0,0,0,1,0,0,0,7
0,21,3,1,1,0,0,0,0,1,0,0,0,7
1,19,18,4,1,0,0,0,0,0,0,0,0,10
0,74,48,9,6,0,0,0,0,0,0,0,0,4
0,44,54,0,1,0,0,0,0,0,0,0,0,10
0,52,19,5,2,0,0,0,0,0,0,0,0,6
0,14,30,1,6,0,1,0,0,0,0,0,0,4
1,10,66,1,5,0,0,1,0,0,0,0,0,10
0,80,50,1,2,0,0,0,0,0,0,1,0,5
0,82,84,0,2,0,0,0,1,0,0,0,0,10
0,32,75,6,3,0,0,0,0,0,0,0,0,4
0,16,83,4,1,0,0,0,0,0,0,0,0,4
1,61,23,0,6,0,0,0,1,0,0,0,0,3
1,57,23,0,1,0,0,0,0,0,0,0,0,3
1,95,45,1,2,0,1,0,0,0,0,0,0,9
0,38,98,8,3,0,0,0,0,0,0,0,0,9
1,70,38,1,6,0,0,0,0,0,0,1,0,5
0,40,91,5,2,0,0,0,0,0,0,0,0,9
0,92,32,1,6,0,0,0,1,0,0,0,0,9
0,73,18,8,7,0,0,1,0,0,0,0,0,6
0,62,14,0,1,0,0,0,0,1,0,0,0,4
0,12,78,11,6,1,0,0,0,0,0,0,0,7
1,65,93,1,7,0,0,0,0,1,0,0,0,3
0,88,81,2,2,0,0,0,0,0,0,0,0,9
0,55,54,1,6,0,0,1,0,0,0,0,0,4
0,99,14,2,5,0,0,0,0,0,0,0,0,7
0,20,32,1,5,0,0,1,0,0,0,0,0,8
1,97,32,7,4,0,0,0,0,0,0,0,0,8
0,93,43,9,6,0,0,0,0,0,0,0,0,4
1,84,83,6,2,0,0,0,0,0,0,0,0,9
0,16,76,2,6,0,0,0,1,0,0,0,0,8
0,10,57,4,7,1,0,0,0,0,0,0,0,8
0,59,38,1,2,1,0,0,0,0,0,0,0,6
0,54,35,0,5,0,0,1,0,0,0,0,0,4
1,82,47,1,4,0,0,0,0,0,0,0,0,7
1,83,53,1,6,0,0,0,0,0,0,0,0,7
1,87,10,9,4,0,0,0,1,0,0,0,0,7
1,1,47,0,1,0,0,0,0,0,0,0,0,4
1,89,5,6,1,0,0,0,0,1,0,0,0,6
0,32,49,0,2,0,0,0,0,0,0,0,0,6
0,1,69,0,3,0,0,1,0,0,0,0,0,6
0,54,66,12,5,1,0,0,0,0,0,0,0,6
0,56,76,0,6,0,0,0,0,1,0,0,0,5
0,31,81,4,7,0,0,0,1,0,0,0,0,8
0,26,33,0,5,0,0,0,0,1,0,0,0,8
1,7,65,1,3,1,0,0,0,0,0,0,0,9
0,60,9,1,2,0,0,0,0,0,0,0,0,7
1,92,74,8,5,0,0,0,0,0,0,0,0,5
0,93,41,1,5,0,0,0,0,0,0,0,0,8
0,8,79,0,1,0,0,0,0,1,0,0,0,4
0,81,81,0,6,0,0,0,0,0,0,1,0,7
1,21,22,4,2,0,0,1,0,0,0,0,0,6
1,96,12,0,7,0,0,0,0,0,0,0,0,7
0,78,81,3,3,0,0,0,0,0,0,0,0,3
1,86,63,1,2,0,0,0,0,0,0,0,0,8
1,1,55,1,1,0,0,0,0,1,0,0,0,10
0,62,44,1,6,0,0,0,0,0,0,0,0,9
1,68,6,1,3,0,0,0,0,0,0,1,0,9
1,70,76,0,4,0,0,0,0,0,0,0,0,5
0,21,8,0,4,0,0,0,0,1,0,0,0,6
1,74,18,8,5,0,0,0,0,0,0,0,0,10
0,62,66,0,2,0,0,0,1,0,0,0,0,7
1,22,45,0,3,0,0,0,0,0,1,0,0,7
0,87,45,14,2,0,0,1,0,0,0,0,0,9
1,44,42,9,5,0,0,0,0,1,0,0,0,8
0,27,52,8,6,0,1,0,0,0,0,0,0,10
0,95,46,4,6,0,0,0,0,0,0,0,0,5
1,89,47,9,2,0,0,0,0,0,0,0,0,4
0,41,13,1,3,0,0,0,0,1,0,0,0,4
1,41,49,14,5,1,0,0,0,0,0,0,0,8
1,21,21,11,7,0,0,1,0,0,0,0,0,10
0,59,98,1,1,0,0,0,0,0,0,0,0,8
0,64,67,1,7,0,0,0,0,1,0,0,0,7
0,38,82,0,4,0,0,0,0,0,0,0,1,8
0,70,23,4,3,0,0,0,1,0,0,0,0,8
0,25,73,1,5,0,0,0,1,0,0,0,0,5
0,3,59,3,1,0,0,0,0,0,1,0,0,9
0,70,8,1,4,0,0,0,0,0,0,0,1,8
1,29,78,9,5,1,0,0,0,0,0,0,0,9
1,88,13,3,3,0,0,0,0,0,0,0,0,5
0,20,18,1,3,0,0,0,0,1,0,0,0,6
0,58,44,0,6,0,1,0,0,0,0,0,0,4
0,70,94,0,5,0,1,0,0,0,0,0,0,3
0,44,81,1,5,0,0,0,0,0,0,1,0,9
0,87,83,0,3,1,0,0,0,0,0,0,0,6
0,0,63,0,7,0,0,1,0,0,0,0,0,8
0,96,4,9,6,0,0,0,0,0,0,0,0,5
0,75,33,9,4,1,0,0,0,0,0,0,0,6
1,14,69,0,1,0,0,0,1,0,0,0,0,9
0,8,86,1,1,0,0,1,0,0,0,0,0,10
1,58,75,0,3,1,0,0,0,0,0,0,0,6
0,5,47,0,6,0,1,0,0,0,0,0,0,7
1,70,23,0,5,0,1,0,0,0,0,0,0,3
0,49,72,3,3,0,0,0,0,1,0,0,0,7
1,60,20,0,5,0,1,0,0,0,0,0,0,10
0,25,48,1,5,0,0,0,0,0,0,1,0,9
1,47,17,0,3,0,0,0,0,0,0,0,0,3
1,53,62,12,7,0,0,0,0,0,1,0,0,8
1,24,61,1,5,0,0,0,0,1,0,0,0,10
0,46,3,9,2,0,0,0,0,0,1,0,0,7
0,70,31,1,1,0,0,0,0,0,0,1,0,9
1,53,10,14,3,0,0,0,0,0,0,0,0,8
1,63,47,0,5,0,0,0,0,0,0,1,0,4
0,24,44,1,6,0,0,0,0,0,0,0,0,5
0,5,49,1,3,0,0,1,0,0,0,0,0,6
1,7,50,8,7,0,0,0,0,0,0,0,0,4
0,71,41,1,6,1,0,0,0,0,0,0,0,4
1,23,50,4,5,0,0,1,0,0,0,0,0,4
0,0,81,1,6,0,0,1,0,0,0,0,0,4
0,2,87,0,4,0,0,0,0,1,0,0,0,7
0,72,4,1,4,0,0,0,0,0,0,0,0,8
1,18,84,0,4,1,0,0,0,0,0,0,0,8
1,11,59,6,4,0,1,0,0,0,0,0,0,9
0,95,30,1,7,0,0,0,0,0,0,0,0,4
1,20,88,0,4,0,1,0,0,0,0,0,0,9
0,58,70,1,7,0,0,0,0,1,0,0,0,9
0,67,36,0,2,0,0,0,0,1,0,0,0,9
1,43,18,9,6,0,0,0,0,1,0,0,0,5
1,36,19,0,6,0,0,0,0,0,0,0,0,3
1,2,43,8,4,0,0,0,1,0,0,0,0,9
0,35,48,0,7,0,1,0,0,0,0,0,0,5
0,81,81,3,4,0,0,1,0,0,0,0,0,8
1,84,76,0,3,0,0,0,0,0,0,0,0,9
0,18,13,0,2,0,0,1,0,0,0,0,0,4
0,54,4,8,4,0,0,0,0,0,1,0,0,9
0,98,81,12,7,0,0,0,0,0,0,0,0,3
0,75,42,9,4,0,0,0,1,0,0,0,0,5
0,98,23,0,4,0,0,0,0,0,0,0,0,4
1,94,25,0,2,0,0,1,0,0,0,0,0,4
1,24,63,5,3,0,0,0,0,0,0,0,0,4
0,47,89,6,2,0,0,0,0,0,0,0,0,10
0,40,55,1,4,0,1,0,0,0,0,0,0,6
1,68,4,9,1,0,0,0,0,0,0,0,0,5
0,18,74,2,2,0,0,0,0,0,0,0,0,10
0,83,82,0,6,0,0,0,0,1,0,0,0,6
1,34,46,1,3,0,0,0,0,0,0,1,0,4
1,81,56,10,5,0,0,0,0,0,0,0,0,3
0,61,43,1,3,0,0,0,0,0,0,0,0,8
0,77,61,5,3,0,0,0,0,1,0,0,0,5
1,52,20,1,6,1,0,0,0,0,0,0,0,5
1,40,11,1,6,1,0,0,0,0,0,0,0,9
1,93,26,8,6,0,0,0,0,0,0,0,0,8
0,45,96,1,2,0,0,0,0,1,0,0,0,9
0,83,3,1,1,0,0,0,0,0,0,0,0,10
1,23,25,0,7,0,0,0,0,0,0,1,0,5
1,15,92,0,7,0,0,0,0,1,0,0,0,7
1,79,20,6,6,0,0,1,0,0,0,0,0,8
1,80,79,1,5,1,0,0,0,0,0,0,0,5
0,35,15,0,4,0,0,1,0,0,0,0,0,8
0,39,78,2,5,0,0,0,0,1,0,0,0,8
1,4,28,0,4,0,0,1,0,0,0,0,0,5
0,83,93,4,7,0,0,0,0,1,0,0,0,7
0,94,39,0,4,0,0,0,0,1,0,0,0,6
0,33,17,1,2,0,0,0,0,0,0,0,0,6
0,12,96,10,5,0,0,0,0,0,0,0,0,8
0,77,13,1,2,0,0,0,0,0,0,1,0,4
0,48,69,8,4,1,0,0,0,0,0,0,0,6
1,97,58,4,5,0,0,0,0,0,0,0,0,7
0,28,91,4,7,0,0,0,0,0,0,0,0,9
0,99,74,7,2,0,0,0,0,0,0,0,1,8
1,27,31,9,3,0,0,0,0,0,0,0,0,5
0,95,84,6,2,0,0,0,0,0,0,1,0,8
0,6,83,6,2,0,0,0,0,0,0,0,0,4
1,18,49,6,5,0,0,0,1,0,0,0,0,4
1,42,89,6,4,0,0,0,0,0,0,0,0,3
1,50,41,9,7,0,0,0,0,0,0,0,0,9
1,86,7,5,5,0,0,0,0,0,1,0,0,7
1,69,49,5,4,0,0,0,0,0,0,1,0,10
1,23,76,10,3,0,0,0,0,0,0,0,0,7
0,82,46,7,1,0,0,0,0,1,0,0,0,5
0,97,58,7,4,0,0,0,0,0,0,0,0,7
1,42,64,7,6,0,0,0,0,0,0,0,0,5
0,75,5,5,5,1,0,0,0,0,0,0,0,4
0,14,9,8,1,0,0,0,0,1,0,0,0,5
1,3,30,8,1,1,0,0,0,0,0,0,0,4
1,16,82,6,2,0,0,0,0,1,0,0,0,4
0,45,36,5,2,0,0,1,0,0,0,0,0,7
0,23,56,1,5,0,0,0,0,0,0,0,0,7
1,38,62,9,3,0,0,0,1,0,0,0,0,4
0,45,96,0,5,0,0,0,0,0,0,0,0,6
0,82,92,1,1,0,0,0,0,0,0,0,0,8
1,73,44,3,1,0,0,1,0,0,0,0,0,5
1,36,41,1,7,0,0,1,0,0,0,0,0,4
1,13,81,1,4,0,0,0,0,1,0,0,0,9
0,96,100,8,1,0,0,0,0,1,0,0,0,5
0,83,3,0,4,0,0,0,0,1,0,0,0,3
1,33,75,0,4,0,0,0,0,0,0,0,0,9
1,68,60,1,5,0,1,0,0,0,0,0,0,7
1,88,34,0,1,0,0,0,0,0,0,1,0,9
0,87,12,1,6,1,0,0,0,0,0,0,0,10
0,88,80,6,6,0,0,0,0,0,0,0,0,9
0,43,67,1,7,0,0,0,0,0,0,0,1,7
0,64,92,10,6,0,0,0,0,0,0,0,0,5
1,96,42,1,6,0,0,1,0,0,0,0,0,4
0,72,70,1,7,1,0,0,0,0,0,0,0,9
1,48,27,2,7,0,0,0,0,0,0,0,0,9
0,64,11,1,6,0,0,0,0,0,0,0,0,4
0,8,81,0,2,1,0,0,0,0,0,0,0,3
0,52,70,1,7,0,1,0,0,0,0,0,0,5
1,3,39,1,2,0,0,0,0,1,0,0,0,5
0,44,62,4,1,0,0,0,0,0,0,0,0,7
1,14,14,8,4,0,0,0,0,1,0,0,0,5
0,50,45,1,2,1,0,0,0,0,0,0,0,6
1,53,1,1,2,0,0,0,0,1,0,0,0,8
0,31,100,0,3,0,0,0,0,0,0,1,0,8
0,31,94,4,3,0,1,0,0,0,0,0,0,7
1,97,42,4,7,1,0,0,0,0,0,0,0,8
1,27,66,4,6,0,0,0,0,0,0,1,0,5
1,2,99,6,5,0,0,0,0,0,0,1,0,6
1,81,60,7,6,0,0,0,0,0,0,0,0,6
1,64,73,10,5,0,0,0,0,0,0,0,0,10
0,11,59,10,2,0,0,0,0,0,0,1,0,8
0,78,67,7,7,0,0,0,0,1,0,0,0,7
1,72,39,8,1,0,1,0,0,0,0,0,0,8
1,36,84,5,7,1,0,0,0,0,0,0,0,9
1,97,67,5,5,0,0,0,0,0,0,0,0,6
1,88,18,7,3,0,0,0,0,0,0,0,0,7
0,21,91,7,5,0,0,0,0,0,0,0,0,7
0,62,88,5,4,0,0,0,0,0,0,0,0,5
1,73,57,10,5,0,0,1,0,0,0,0,0,9
0,34,4,4,6,0,0,0,0,0,0,0,1,3
0,50,72,5,1,0,0,0,0,0,0,0,0,6
1,39,19,5,4,0,0,0,0,0,0,0,0,6
0,82,47,8,2,0,0,0,0,0,0,1,0,4
1,39,1,4,6,0,0,0,0,0,0,1,0,6
0,13,49,6,7,0,0,0,0,0,0,0,0,8
0,68,87,5,3,0,0,0,0,1,0,0,0,4
0,77,50,6,6,0,0,0,0,1,0,0,0,8
0,35,30,10,1,1,0,0,0,0,0,0,0,6
1,5,43,0,6,0,0,0,0,1,0,0,0,6
0,47,58,1,1,0,1,0,0,0,0,0,0,7
0,48,93,7,2,0,0,0,0,0,0,0,0,8
0,34,40,0,5,0,0,0,0,0,0,0,0,6
0,20,91,1,1,0,0,0,0,1,0,0,0,5
1,61,94,10,1,0,0,0,0,1,0,0,0,5
1,16,68,9,6,0,0,0,0,0,0,0,0,5
1,2,95,1,2,0,0,0,1,0,0,0,0,6
0,52,95,10,1,0,0,0,1,0,0,0,0,5
1,99,20,1,4,0,0,0,0,1,0,0,0,7
0,84,62,0,6,0,0,1,0,0,0,0,0,10
0,58,94,4,2,0,1,0,0,0,0,0,0,6
0,91,57,0,2,1,0,0,0,0,0,0,0,3
0,1,92,0,2,1,0,0,0,0,0,0,0,5
0,67,94,1,7,0,1,0,0,0,0,0,0,6
1,56,87,0,2,0,0,0,0,0,0,0,0,7
0,62,53,1,7,0,0,1,0,0,0,0,0,6
0,12,52,0,6,1,0,0,0,0,0,0,0,5
0,38,24,9,7,0,0,0,1,0,0,0,0,7
0,51,83,1,5,0,0,0,1,0,0,0,0,3
1,20,73,1,1,0,0,0,0,0,0,0,0,6
1,43,31,1,2,0,0,1,0,0,0,0,0,7
1,93,90,0,6,0,1,0,0,0,0,0,0,7
0,54,30,0,3,0,0,0,0,1,0,0,0,4
1,23,74,7,7,0,0,0,0,1,0,0,0,6
0,1,27,3,4,0,0,0,0,0,0,0,0,7
0,64,90,8,3,0,0,0,0,1,0,0,0,8
0,55,30,5,5,0,1,0,0,0,0,0,0,4
0,85,78,0,6,0,0,0,1,0,0,0,0,8
0,20,39,5,5,0,0,0,0,1,0,0,0,7
1,73,42,8,4,0,0,0,1,0,0,0,0,8
0,53,55,0,1,0,0,0,1,0,0,0,0,8
0,7,89,8,7,0,0,0,0,0,0,0,0,7
0,50,48,1,3,0,0,1,0,0,0,0,0,7
0,12,99,0,6,0,0,0,0,0,0,0,0,4
1,37,29,1,5,0,0,0,1,0,0,0,0,4
1,78,89,9,2,1,0,0,0,0,0,0,0,9
1,29,40,10,2,0,0,0,0,0,0,0,1,8
0,54,58,10,7,0,0,0,0,0,0,1,0,6
1,89,18,10,2,1,0,0,0,0,0,0,0,7
0,25,98,6,6,0,0,0,0,0,0,0,0,7
0,14,46,7,3,0,0,0,0,0,0,0,0,4
0,12,24,6,2,0,0,0,0,1,0,0,0,5
0,18,1,6,2,0,0,0,0,0,0,0,0,5
1,74,43,5,5,0,0,1,0,0,0,0,0,3
1,21,42,5,5,0,0,0,0,1,0,0,0,8
1,9,88,9,7,0,0,0,0,0,0,0,0,7
0,49,57,5,6,0,0,0,0,0,0,0,0,9
1,58,99,5,4,0,0,0,0,0,0,0,0,5
0,16,5,10,7,0,0,0,0,1,0,0,0,4
0,55,56,7,3,0,1,0,0,0,0,0,0,7
0,31,10,9,1,0,0,0,0,0,0,1,0,9
0,59,27,6,4,0,0,0,0,0,0,0,1,5
0,25,3,8,6,0,0,0,0,0,0,0,0,9
1,63,90,6,1,0,0,0,0,0,0,0,0,7
0,60,27,6,5,0,0,0,0,1,0,0,0,7
0,41,73,10,3,0,0,0,0,0,0,0,0,10
0,84,70,9,7,0,0,0,0,1,0,0,0,5
1,72,25,6,1,0,0,0,0,0,0,0,0,8
0,97,41,6,4,0,0,0,0,0,0,0,0,7
0,43,70,5,2,0,0,0,0,1,0,0,0,7
0,63,8,5,1,0,0,0,0,0,0,0,0,6
0,7,42,9,5,0,0,0,0,0,0,0,0,7
1,54,45,9,6,0,0,0,0,1,0,0,0,7
1,27,82,9,3,0,0,0,0,0,0,0,0,5
1,28,60,6,6,0,0,0,1,0,0,0,0,10
0,84,48,7,2,0,0,0,0,0,0,0,0,8
1,71,85,5,4,0,0,1,0,0,0,0,0,5
0,88,99,4,4,0,0,1,0,0,0,0,0,7
0,75,24,8,1,0,0,0,0,0,0,0,0,4
0,96,65,4,5,0,1,0,0,0,0,0,0,6
0,83,19,10,4,0,1,0,0,0,0,0,0,7
0,86,76,7,4,0,0,1,0,0,0,0,0,5
1,60,9,4,3,0,0,0,0,0,0,0,0,9
0,5,14,5,2,0,1,0,0,0,0,0,0,4
0,65,19,7,3,0,0,0,0,0,0,0,1,4
0,49,45,8,5,0,0,0,0,0,0,0,0,5
0,78,19,5,6,0,0,0,0,0,0,0,1,7
1,25,78,7,5,0,0,0,0,0,0,0,0,10
0,5,94,10,3,0,0,0,0,0,0,0,0,7
0,58,2,7,7,0,0,0,0,0,0,0,0,7
0,80,97,8,4,0,0,0,0,0,0,0,0,9
0,94,51,5,5,0,0,0,0,0,0,0,0,10
1,62,4,5,6,0,0,0,1,0,0,0,0,6
1,20,77,8,4,0,0,0,0,0,0,0,0,5
1,85,35,10,4,0,0,0,0,0,0,1,0,5
0,72,45,8,7,0,1,0,0,0,0,0,0,4
1,95,6,10,6,0,0,0,1,0,0,0,0,4
0,97,42,5,5,0,1,0,0,0,0,0,0,9
0,25,42,7,3,0,0,0,0,0,0,0,0,9
0,17,78,7,3,0,0,0,0,0,0,0,0,8
0,19,86,9,4,0,0,0,0,0,0,0,0,8
0,59,79,4,6,1,0,0,0,0,0,0,0,6
1,30,73,10,4,0,0,1,0,0,0,0,0,6
0,63,60,9,3,1,0,0,0,0,0,0,0,10
0,23,23,4,3,0,0,0,0,0,0,0,0,5
0,97,17,6,3,0,0,0,0,0,0,0,1,5
0,97,99,4,7,0,0,0,0,0,0,0,0,9
1,94,57,9,3,0,0,0,0,0,0,0,0,6
0,28,67,5,5,0,0,0,0,0,0,0,0,5
1,21,6,4,7,1,0,0,0,0,0,0,0,5
0,25,7,5,5,0,0,0,0,0,0,0,0,6
0,48,45,5,4,0,1,0,0,0,0,0,0,8
0,53,23,9,7,0,0,0,0,0,0,0,0,6
0,97,76,7,2,0,0,0,0,0,0,0,0,9
1,33,52,7,4,0,0,0,0,1,0,0,0,8
1,5,20,4,5,0,0,1,0,0,0,0,0,8
1,72,93,7,6,1,0,0,0,0,0,0,0,9
1,40,15,10,6,1,0,0,0,0,0,0,0,4
1,34,34,8,4,1,0,0,0,0,0,0,0,9
0,63,76,7,5,0,0,0,1,0,0,0,0,6
0,85,38,5,3,1,0,0,0,0,0,0,0,5
0,86,83,10,3,0,0,0,0,1,0,0,0,6
0,63,100,10,1,0,0,0,0,0,0,0,0,5
0,9,18,5,1,0,0,0,0,0,0,0,0,9
0,76,36,8,7,0,0,0,0,0,0,0,0,7
1,19,93,6,3,0,0,1,0,0,0,0,0,9
0,84,90,5,6,0,1,0,0,0,0,0,0,7
1,38,56,8,2,0,0,0,1,0,0,0,0,9
0,1,19,9,1,0,0,1,0,0,0,0,0,6
0,30,48,9,1,0,0,0,0,0,0,0,0,4
0,86,25,6,6,0,0,0,0,0,0,0,0,5
1,21,21,10,1,0,0,0,0,1,0,0,0,9
1,15,16,8,2,0,1,0,0,0,0,0,0,6
0,87,53,9,1,0,0,0,0,1,0,0,0,5
1,40,70,6,5,0,0,0,0,0,0,0,0,8
1,2,36,5,7,0,0,0,0,0,1,0,0,4
0,63,79,9,3,0,0,0,0,1,0,0,0,6
1,26,42,5,3,0,0,0,0,0,0,0,0,8
1,29,53,8,1,0,0,1,0,0,0,0,0,7
0,7,3,9,5,0,0,0,1,0,0,0,0,9
1,28,13,8,2,0,0,0,0,0,0,1,0,8
0,99,18,8,2,0,0,0,1,0,0,0,0,8
1,69,87,10,5,0,0,0,0,1,0,0,0,8
0,13,59,6,7,0,0,1,0,0,0,0,0,7
1,73,36,5,1,0,0,0,0,1,0,0,0,6
0,4,59,10,4,0,0,0,0,1,0,0,0,10
0,42,56,7,4,0,0,0,0,0,0,0,0,8
1,43,9,1,1,1,0,0,0,0,0,0,0,5
0,79,32,0,5,0,0,0,1,0,0,0,0,7
1,18,17,0,5,0,1,0,0,0,0,0,0,6
1,39,11,1,7,0,0,1,0,0,0,0,0,8
0,41,99,0,3,0,0,1,0,0,0,0,0,5
0,60,48,1,6,0,0,0,0,0,0,0,0,5
0,39,99,0,4,0,1,0,0,0,0,0,0,4
0,90,86,1,2,0,0,0,0,1,0,0,0,4
0,83,24,1,1,0,0,0,0,0,0,0,0,6
0,92,87,8,5,0,1,0,0,0,0,0,0,9
0,6,27,8,6,0,1,0,0,0,0,0,0,10
1,50,61,4,6,0,0,0,1,0,0,0,0,10
1,90,86,0,1,0,0,1,0,0,0,0,0,10
0,13,30,1,6,0,0,0,0,0,0,1,0,9
0,27,37,0,6,0,0,0,0,0,0,0,0,6
0,93,80,4,2,0,0,0,0,0,0,0,0,5
0,61,75,1,3,0,0,0,0,1,0,0,0,10
0,91,1,7,7,0,1,0,0,0,0,0,0,6
0,79,55,0,7,0,0,1,0,0,0,0,0,6
0,80,22,13,6,0,0,0,0,0,0,0,0,4
0,16,60,0,5,0,0,0,0,0,0,0,0,5
1,4,79,1,7,0,0,0,0,0,0,1,0,7
0,34,3,1,1,0,0,0,0,1,0,0,0,6
1,10,47,0,2,1,0,0,0,0,0,0,0,6
0,3,88,0,3,0,0,0,1,0,0,0,0,7
1,96,51,0,6,0,0,0,0,0,0,1,0,9
0,48,22,0,3,0,0,1,0,0,0,0,0,4
1,25,96,1,6,0,0,0,0,0,0,0,1,6
0,98,39,6,2,0,0,1,0,0,0,0,0,7
1,84,75,1,3,0,0,0,0,0,0,0,1,5
1,88,47,0,6,0,0,0,0,0,0,0,1,5
1,86,92,1,3,0,0,0,0,0,0,0,0,7
0,0,53,9,5,0,1,0,0,0,0,0,0,5
0,56,93,0,5,0,0,0,0,0,0,0,0,7
1,6,46,1,5,0,0,0,0,0,0,0,1,9
1,2,40,0,7,0,0,0,0,1,0,0,0,6
0,73,23,1,2,1,0,0,0,0,0,0,0,4
0,38,32,1,1,0,0,0,0,0,1,0,0,10
1,37,59,9,7,0,1,0,0,0,0,0,0,5
0,41,54,7,3,0,0,0,0,0,0,0,0,6
1,94,13,1,3,0,0,0,0,0,0,0,0,7
0,57,29,9,1,0,0,0,0,0,1,0,0,5
0,96,51,0,1,0,0,0,0,0,0,0,0,6
0,59,19,1,7,0,0,0,0,1,0,0,0,9
1,87,22,1,3,0,0,0,0,1,0,0,0,4
1,55,34,3,1,0,0,0,0,1,0,0,0,4
0,16,37,8,5,0,0,0,0,1,0,0,0,10
1,82,36,0,5,0,0,0,0,0,0,0,0,7
0,83,25,1,1,0,0,0,0,0,0,0,0,8
0,96,46,0,3,0,0,0,0,0,0,0,1,7
1,55,99,0,4,0,0,0,0,0,0,0,0,8
1,6,44,1,3,0,0,0,0,0,0,0,0,6
1,33,43,1,5,0,1,0,0,0,0,0,0,6
0,0,7,2,6,0,0,0,0,0,0,0,1,7
0,27,31,0,5,0,0,0,0,0,0,0,0,6
1,72,58,0,4,0,1,0,0,0,0,0,0,8
0,13,4,7,6,0,0,0,0,1,0,0,0,9
0,19,59,3,5,0,0,0,0,1,0,0,0,10
0,48,41,0,1,0,1,0,0,0,0,0,0,10
0,58,24,1,1,0,0,0,0,0,0,0,0,6
0,21,69,0,2,0,0,0,0,1,0,0,0,3
1,91,5,1,5,0,0,1,0,0,0,0,0,5
1,44,55,1,7,0,0,0,0,0,1,0,0,8
0,80,96,2,4,0,0,0,0,0,0,0,0,6
0,28,79,0,2,0,0,1,0,0,0,0,0,4
1,74,89,0,4,0,0,1,0,0,0,0,0,9
0,79,51,5,5,0,0,0,1,0,0,0,0,9
0,42,52,0,5,0,0,0,0,0,0,0,1,4
1,80,24,0,3,0,0,1,0,0,0,0,0,6
1,8,43,0,1,0,0,0,0,0,0,0,0,8
0,24,79,0,7,0,0,1,0,0,0,0,0,3
0,71,90,1,6,0,0,0,0,0,0,0,0,8
1,1,64,0,7,0,0,1,0,0,0,0,0,6
1,0,62,1,6,0,0,0,0,1,0,0,0,8
1,30,92,0,3,0,0,0,0,1,0,0,0,9
0,52,97,5,4,0,0,0,0,1,0,0,0,7
0,34,15,8,1,0,0,0,0,0,1,0,0,3
1,64,39,1,7,0,0,1,0,0,0,0,0,8
1,17,94,1,7,0,0,0,0,0,0,0,0,7
1,71,36,0,3,0,0,0,0,0,0,1,0,6
1,87,30,9,6,0,0,0,1,0,0,0,0,8
0,68,28,0,7,0,0,0,0,0,0,0,0,5
0,14,49,0,6,0,0,1,0,0,0,0,0,9
1,24,67,0,6,0,0,0,0,0,0,0,0,4
0,10,28,1,4,0,0,0,0,0,0,1,0,5
0,53,47,4,3,0,0,0,0,1,0,0,0,8
0,39,60,0,7,0,0,0,0,0,0,0,0,4
0,16,17,8,3,0,0,1,0,0,0,0,0,4
0,64,35,1,3,0,1,0,0,0,0,0,0,6
0,41,21,0,7,0,0,0,0,0,0,0,0,10
1,16,34,7,6,0,0,0,0,1,0,0,0,6
0,94,55,4,4,0,0,0,0,0,0,0,0,5
0,40,17,0,2,0,0,0,0,1,0,0,0,10
1,81,1,1,4,0,0,1,0,0,0,0,0,4
0,18,63,0,4,0,0,0,0,1,0,0,0,9
0,78,72,3,6,0,0,0,0,0,0,0,0,7
1,8,100,0,6,1,0,0,0,0,0,0,0,4
1,64,46,2,1,0,0,0,0,1,0,0,0,7
1,45,81,0,5,0,0,0,0,1,0,0,0,5
1,99,52,1,1,0,0,0,0,1,0,0,0,9
1,59,77,0,2,1,0,0,0,0,0,0,0,8
1,53,66,5,5,0,0,0,0,0,0,1,0,3
0,66,54,10,2,0,1,0,0,0,0,0,0,5
0,1,50,1,2,0,0,0,0,0,0,0,0,9
1,73,55,6,4,0,0,0,0,0,0,0,0,5
0,34,43,9,2,0,0,1,0,0,0,0,0,5
0,1,17,1,3,0,0,0,0,1,0,0,0,8
1,73,9,1,5,1,0,0,0,0,0,0,0,9
1,90,18,2,7,0,0,0,0,1,0,0,0,4
0,32,100,8,6,0,0,0,0,0,1,0,0,7
0,47,32,1,7,1,0,0,0,0,0,0,0,7
1,15,87,8,3,0,0,0,0,0,1,0,0,10
0,78,84,3,5,0,0,0,0,0,0,1,0,5
0,83,99,1,3,0,0,0,0,1,0,0,0,9
1,2,60,1,3,0,0,0,0,0,0,0,0,3
1,75,86,1,2,0,0,1,0,0,0,0,0,7
1,45,17,0,7,0,0,0,1,0,0,0,0,7
0,49,70,7,7,1,0,0,0,0,0,0,0,4
0,41,7,0,7,0,0,0,0,0,1,0,0,6
1,34,77,0,1,0,0,1,0,0,0,0,0,6
1,82,83,3,6,0,0,0,0,1,0,0,0,8
1,37,85,9,3,0,0,0,0,0,0,0,1,7
0,25,95,1,6,0,0,1,0,0,0,0,0,5
0,52,1,9,7,0,0,0,0,0,0,0,1,7
0,23,42,8,5,0,0,1,0,0,0,0,0,10
0,96,23,9,3,0,0,0,0,0,0,0,0,5
1,5,10,0,5,0,0,0,0,0,1,0,0,4
0,47,3,4,5,0,0,0,0,1,0,0,0,4
1,81,55,0,5,0,0,0,0,0,0,0,0,9
0,4,34,1,1,0,0,0,0,0,0,0,0,10
0,8,74,1,3,0,0,0,0,1,0,0,0,6
0,35,26,1,3,0,0,0,0,0,0,1,0,9
1,67,60,9,3,1,0,0,0,0,0,0,0,9
0,9,14,1,3,0,0,0,1,0,0,0,0,5
1,82,61,3,7,0,0,0,0,0,0,1,0,10
0,2,10,9,5,0,0,0,0,0,0,0,0,3
1,95,4,0,4,0,0,0,0,0,0,0,0,7
0,9,92,6,5,1,0,0,0,0,0,0,0,8
0,99,4,0,2,0,0,0,0,1,0,0,0,9
1,96,41,8,2,0,0,0,0,0,1,0,0,5
1,92,69,1,4,0,0,0,0,0,0,1,0,10
1,24,55,1,3,0,0,0,0,0,0,0,0,6
1,58,19,0,5,0,0,1,0,0,0,0,0,5
1,15,97,1,1,0,0,0,1,0,0,0,0,7
0,13,96,0,3,0,0,0,0,0,0,0,1,7
0,51,75,9,3,0,0,0,0,0,0,0,0,7
1,9,10,8,3,0,0,0,0,0,0,0,0,9
1,0,92,1,3,1,0,0,0,0,0,0,0,7
1,67,55,9,3,0,0,0,0,1,0,0,0,5
1,58,77,1,5,0,0,0,0,1,0,0,0,5
0,55,49,0,1,0,0,0,1,0,0,0,0,5
0,52,59,0,7,0,0,0,0,1,0,0,0,9
1,83,59,1,1,0,0,1,0,0,0,0,0,10
0,83,86,0,1,0,0,0,1,0,0,0,0,8
0,90,54,1,7,0,0,0,0,0,0,1,0,6
1,87,20,7,3,0,0,0,0,0,0,0,0,6
0,67,38,1,6,0,0,0,0,0,0,0,0,8
1,81,67,0,7,0,0,0,1,0,0,0,0,6
0,36,10,9,3,0,0,0,0,0,0,0,0,4
0,51,37,0,5,0,0,0,0,0,0,0,0,5
0,31,37,0,1,0,0,0,0,0,0,0,0,10
0,57,52,0,1,0,0,0,0,0,0,0,0,9
1,83,59,4,2,0,0,0,0,0,0,0,0,5
0,51,33,3,4,0,1,0,0,0,0,0,0,4
0,15,76,1,6,0,0,0,0,0,0,0,1,7
0,18,94,14,1,1,0,0,0,0,0,0,0,8
0,88,48,1,6,0,0,0,0,1,0,0,0,6
1,70,10,8,5,0,0,0,0,0,0,0,0,5
1,9,91,1,2,0,0,0,0,0,0,0,0,7
1,6,31,0,3,0,0,0,0,0,0,1,0,9
0,8,98,0,2,0,1,0,0,0,0,0,0,3
1,55,31,6,3,0,0,0,1,0,0,0,0,6
0,69,10,4,6,0,0,1,0,0,0,0,0,5
0,18,32,9,5,0,0,0,0,0,1,0,0,3
0,13,50,1,7,0,0,1,0,0,0,0,0,4
0,69,75,8,3,0,0,1,0,0,0,0,0,3
0,69,91,9,3,0,1,0,0,0,0,0,0,9
1,69,73,0,5,0,0,0,0,1,0,0,0,4
0,89,35,0,5,0,0,0,0,1,0,0,0,8
0,45,14,0,3,0,0,0,0,0,0,1,0,7
0,75,72,10,6,0,0,1,0,0,0,0,0,6
0,54,39,8,7,0,0,0,0,0,1,0,0,5
1,33,48,4,1,0,0,0,0,0,0,0,0,4
1,67,96,1,5,0,0,0,0,0,0,0,0,5
1,26,19,0,1,0,0,0,0,1,0,0,0,9
0,5,97,0,7,0,0,1,0,0,0,0,0,8
1,65,51,1,1,1,0,0,0,0,0,0,0,10
0,94,62,0,6,0,0,0,0,0,0,0,0,7
0,95,15,8,1,0,0,1,0,0,0,0,0,3
0,48,23,1,2,0,0,1,0,0,0,0,0,4
0,41,22,0,7,0,0,0,0,0,0,1,0,8
0,92,16,9,4,0,0,0,1,0,0,0,0,9
1,44,58,1,7,0,1,0,0,0,0,0,0,10
0,35,73,1,1,0,0,0,0,0,0,0,0,3
0,34,17,1,2,1,0,0,0,0,0,0,0,5
0,52,51,0,5,0,0,0,1,0,0,0,0,9
0,64,17,10,1,0,0,0,0,0,0,0,1,4
1,62,58,1,4,0,0,0,0,0,0,0,0,10
1,58,75,1,7,0,0,0,0,0,0,0,0,4
1,15,47,1,7,0,0,0,0,0,0,0,0,9
0,65,49,6,4,0,0,0,0,0,1,0,0,5
1,20,68,0,7,1,0,0,0,0,0,0,0,6
0,21,36,1,7,0,0,0,1,0,0,0,0,9
0,79,34,2,6,0,0,0,0,0,0,0,0,3
0,91,4,0,2,0,0,0,0,0,0,0,0,3
0,92,76,1,4,0,1,0,0,0,0,0,0,7
1,62,79,1,4,0,0,0,0,0,0,0,0,7
1,94,48,0,4,1,0,0,0,0,0,0,0,7
1,10,77,0,4,0,0,0,0,0,0,1,0,9
0,53,66,8,4,0,0,0,0,0,0,0,0,8
1,7,69,9,6,0,0,1,0,0,0,0,0,7
0,92,76,0,2,0,0,1,0,0,0,0,0,8
0,12,31,0,5,0,0,1,0,0,0,0,0,5
0,31,23,6,7,1,0,0,0,0,0,0,0,8
0,93,33,5,1,0,0,0,0,0,0,1,0,4
0,66,37,8,2,0,1,0,0,0,0,0,0,7
1,49,44,7,7,0,0,0,0,1,0,0,0,5
0,64,97,5,7,0,0,0,0,0,0,0,0,5
0,27,18,10,4,0,0,0,0,0,0,0,0,9
0,33,75,4,1,0,0,0,0,0,0,0,0,8
1,79,30,7,2,0,0,0,1,0,0,0,0,5
0,14,60,9,7,0,0,0,1,0,0,0,0,4
0,22,91,10,7,0,0,0,0,0,0,0,0,8
0,8,67,5,7,0,0,0,0,0,0,0,0,6
0,6,47,8,2,1,0,0,0,0,0,0,0,7
1,81,45,8,6,0,0,0,0,0,0,0,0,8
1,69,14,8,7,0,0,0,0,1,0,0,0,4
1,0,24,10,3,0,0,0,1,0,0,0,0,6
0,61,39,8,4,0,0,0,0,0,0,0,0,7
1,62,52,5,3,0,0,0,0,0,0,0,0,10
0,95,78,10,2,0,0,0,0,1,0,0,0,9
0,32,54,6,2,0,0,0,0,0,0,1,0,10
0,13,16,7,2,0,0,0,0,0,0,0,0,4
0,1,36,9,7,0,0,0,1,0,0,0,0,8
0,63,40,9,4,1,0,0,0,0,0,0,0,9
1,75,67,10,5,0,0,0,0,0,0,0,0,3
0,43,89,7,6,0,1,0,0,0,0,0,0,8
0,29,21,6,2,0,0,0,0,0,0,0,0,6
0,82,55,9,7,0,0,0,0,0,0,0,0,6
0,87,96,4,2,0,0,1,0,0,0,0,0,9
1,66,39,7,4,0,0,0,0,0,0,0,0,10
0,99,46,10,7,0,0,0,0,0,0,0,0,5
0,54,50,6,3,0,0,0,0,0,0,1,0,10
0,49,74,9,7,0,0,0,0,0,0,0,0,7
0,60,66,9,2,0,0,1,0,0,0,0,0,9
1,75,82,4,1,0,0,0,1,0,0,0,0,9
1,77,4,10,4,1,0,0,0,0,0,0,0,6
1,34,61,10,3,0,0,0,0,0,0,0,0,7
0,63,11,6,6,0,0,0,0,0,0,1,0,4
1,38,38,7,2,0,0,0,0,0,0,0,0,9
0,68,94,10,2,0,1,0,0,0,0,0,0,9
0,80,93,10,2,0,0,0,0,0,0,0,1,6
0,8,31,7,2,0,0,0,0,0,1,0,0,9
0,86,68,7,5,0,1,0,0,0,0,0,0,5
0,1,85,10,4,0,0,0,0,0,0,1,0,5
1,56,42,7,7,0,0,0,0,1,0,0,0,7
0,14,63,6,6,0,0,0,0,0,0,0,1,8
0,4,44,4,5,0,0,0,0,0,0,0,0,9
0,58,46,7,5,0,0,0,0,0,0,0,0,3
0,6,2,5,2,0,0,0,0,0,0,0,0,3
1,17,48,7,1,0,1,0,0,0,0,0,0,7
0,55,62,10,1,0,0,0,0,0,0,0,0,6
1,14,28,7,2,0,0,0,0,0,0,1,0,7
0,22,14,10,2,0,0,0,0,0,1,0,0,6
0,8,65,4,5,0,0,0,0,1,0,0,0,8
0,70,96,4,1,0,0,0,0,0,0,0,0,3
0,67,81,7,5,0,0,0,0,0,0,0,0,4
1,50,71,5,3,0,0,0,1,0,0,0,0,6
1,72,37,9,2,0,1,0,0,0,0,0,0,5
1,76,53,6,1,0,1,0,0,0,0,0,0,5
1,80,51,4,5,0,0,0,0,0,0,0,0,5
1,20,60,8,4,0,0,0,0,0,0,1,0,10
0,89,53,10,1,0,0,0,0,0,0,0,0,6
0,18,18,8,2,0,0,0,0,0,0,0,0,4
0,75,12,7,6,0,1,0,0,0,0,0,0,7
0,5,55,6,3,0,0,0,0,0,0,0,1,7
0,79,41,10,4,0,0,0,0,0,0,0,0,7
0,31,40,8,1,0,0,0,0,1,0,0,0,10
1,92,65,6,5,0,0,0,0,0,0,0,0,9
0,15,27,6,2,0,0,0,0,0,1,0,0,8
1,94,84,10,7,0,0,0,0,0,0,0,1,4
0,35,22,6,3,0,0,0,1,0,0,0,0,8
0,68,43,8,1,0,0,1,0,0,0,0,0,5
0,29,73,5,5,0,0,0,0,0,0,1,0,3
1,87,61,9,1,0,0,0,0,1,0,0,0,6
1,33,44,9,2,0,0,0,1,0,0,0,0,8
0,29,7,9,7,0,0,0,1,0,0,0,0,9
1,43,49,5,1,0,0,0,0,1,0,0,0,3
1,43,90,10,5,0,0,0,0,0,0,0,0,6
0,66,98,10,5,0,0,0,0,0,0,0,0,10
1,23,70,5,7,0,0,0,1,0,0,0,0,4
1,87,28,4,2,0,0,0,0,0,0,0,0,9
0,81,54,8,3,0,0,0,1,0,0,0,0,6
1,42,4,4,5,0,0,0,0,0,0,1,0,3
0,32,83,4,6,0,0,0,0,1,0,0,0,10
1,7,18,6,6,0,0,0,0,0,0,0,0,10
0,91,66,7,2,0,0,0,0,0,0,0,0,7
1,95,9,7,3,1,0,0,0,0,0,0,0,5
0,10,21,6,6,0,0,0,0,0,0,0,0,8
0,20,88,6,2,0,0,0,0,0,0,0,0,6
1,5,61,8,1,0,0,0,0,0,0,1,0,9
0,84,27,4,2,0,0,0,0,0,0,0,0,5
1,54,34,10,4,0,0,0,0,1,0,0,0,3
1,12,63,8,1,0,0,0,0,1,0,0,0,3
0,90,99,10,4,0,0,0,0,0,0,0,0,4
0,19,38,1,1,0,0,0,0,0,0,1,0,8
0,91,96,0,7,0,0,0,0,0,0,0,1,8
0,90,35,1,7,0,0,1,0,0,0,0,0,4
0,60,36,0,2,1,0,0,0,0,0,0,0,6
0,68,49,9,1,0,0,0,0,0,1,0,0,5
0,43,47,11,2,0,0,0,0,0,0,0,0,4
1,52,77,4,4,0,0,0,0,1,0,0,0,8
1,81,91,0,1,0,0,1,0,0,0,0,0,8
0,54,22,7,3,0,0,1,0,0,0,0,0,3
0,43,37,5,4,0,0,0,0,0,0,0,0,7
0,20,41,9,1,0,0,0,0,0,0,1,0,6
0,71,46,1,3,0,0,0,0,0,0,0,0,4
0,26,72,9,5,0,0,1,0,0,0,0,0,8
0,75,65,7,5,1,0,0,0,0,0,0,0,4
0,52,55,1,1,0,0,0,0,0,0,0,0,7
0,40,14,0,5,1,0,0,0,0,0,0,0,10
1,5,60,9,6,0,0,1,0,0,0,0,0,8
0,46,38,3,5,0,0,0,0,1,0,0,0,9
1,98,30,0,7,0,0,0,0,0,0,0,0,7
0,84,96,1,2,0,0,0,0,1,0,0,0,3
1,35,68,9,1,0,0,0,0,1,0,0,0,4
0,78,54,1,4,0,0,0,0,0,0,0,0,4
1,64,53,1,7,0,0,0,0,0,0,0,0,3
0,98,79,0,2,0,1,0,0,0,0,0,0,5
1,66,24,0,5,0,0,0,0,1,0,0,0,8
1,32,28,6,4,0,0,0,0,1,0,0,0,6
1,22,44,3,7,0,0,0,1,0,0,0,0,10
0,17,35,1,7,0,0,1,0,0,0,0,0,8
0,22,81,1,1,0,1,0,0,0,0,0,0,5
1,9,18,0,2,0,0,0,0,0,0,0,0,8
1,24,4,0,2,0,0,0,0,0,0,0,0,3
0,8,75,9,3,0,0,0,0,0,0,0,0,8
0,52,15,1,6,0,0,0,0,0,0,0,0,7
1,62,54,1,1,0,0,0,0,1,0,0,0,10
0,37,45,0,4,0,0,1,0,0,0,0,0,9
1,68,47,9,2,0,0,0,0,0,1,0,0,6
0,63,80,1,2,0,0,1,0,0,0,0,0,5
0,15,67,0,6,0,0,0,1,0,0,0,0,3
0,44,89,12,6,0,0,0,0,0,0,0,0,9
1,18,16,0,6,0,0,1,0,0,0,0,0,9
1,30,1,0,4,0,0,0,1,0,0,0,0,5
0,69,80,1,4,1,0,0,0,0,0,0,0,9
1,16,83,2,2,0,1,0,0,0,0,0,0,8
0,71,74,1,4,0,0,0,0,0,0,0,0,5
0,24,24,6,2,0,0,1,0,0,0,0,0,9
1,57,94,0,2,0,0,0,0,1,0,0,0,6
1,97,77,0,6,0,0,0,0,1,0,0,0,8
1,68,48,0,3,0,0,0,0,0,0,0,0,3
0,11,37,0,2,0,0,0,0,1,0,0,0,6
0,63,81,1,4,0,0,0,0,0,0,0,0,8
1,68,61,8,3,0,0,0,0,0,0,0,0,7
0,69,77,4,4,0,1,0,0,0,0,0,0,6
0,77,66,0,1,0,0,0,0,1,0,0,0,7
0,73,50,1,5,0,0,1,0,0,0,0,0,10
0,19,96,1,2,0,0,0,1,0,0,0,0,7
0,1,67,0,5,0,0,0,0,0,0,0,0,7
1,71,27,4,1,0,0,0,0,0,0,0,0,8
1,6,79,8,6,0,0,0,0,1,0,0,0,7
0,68,17,0,3,0,0,0,0,1,0,0,0,9
0,39,91,0,5,0,0,0,0,0,0,0,0,4
1,75,55,8,2,0,0,1,0,0,0,0,0,7
0,65,36,1,5,0,0,0,0,0,0,1,0,4
0,30,9,6,5,0,0,1,0,0,0,0,0,5
1,46,95,8,2,0,0,0,0,0,0,0,1,7
1,40,29,7,7,0,0,0,1,0,0,0,0,3
0,40,70,0,6,0,0,0,0,0,0,0,0,3
0,20,16,5,7,0,0,0,0,1,0,0,0,7
1,88,59,8,4,0,0,0,0,0,0,0,1,7
1,85,87,4,3,0,0,0,0,1,0,0,0,4
1,94,54,9,6,0,1,0,0,0,0,0,0,6
0,52,53,5,4,0,0,0,0,0,0,0,0,9
0,68,97,7,6,0,0,0,0,0,0,0,1,3
1,15,78,8,4,0,0,0,0,0,0,0,0,8
1,4,41,9,2,0,0,0,0,0,0,0,0,10
1,59,78,9,7,1,0,0,0,0,0,0,0,8
1,32,38,6,7,0,0,1,0,0,0,0,0,10
0,8,45,10,6,0,0,0,0,0,0,0,0,3
0,92,94,4,3,0,0,0,1,0,0,0,0,9
1,9,2,8,1,0,0,0,0,0,0,0,0,4
0,41,4,8,4,0,0,0,0,1,0,0,0,3
0,18,47,6,5,0,1,0,0,0,0,0,0,7
0,78,80,9,6,0,0,1,0,0,0,0,0,6
0,0,74,7,5,0,0,0,0,0,0,0,0,4
0,11,17,8,1,0,0,0,0,1,0,0,0,8
0,36,19,8,7,0,0,0,1,0,0,0,0,8
1,46,50,7,7,0,0,0,0,1,0,0,0,7
0,95,34,6,4,0,0,0,0,0,0,0,0,7
0,97,89,8,3,0,0,0,1,0,0,0,0,4
1,2,11,8,3,0,0,0,1,0,0,0,0,6
0,94,30,4,4,0,0,0,0,0,1,0,0,4
0,0,46,4,5,1,0,0,0,0,0,0,0,6
1,3,69,6,1,0,0,0,0,1,0,0,0,4
1,77,29,4,7,0,0,0,0,1,0,0,0,8
1,70,64,5,2,0,0,0,1,0,0,0,0,4
1,58,25,5,3,0,0,0,1,0,0,0,0,5
1,72,46,8,6,0,0,0,0,1,0,0,0,10
1,90,92,6,7,0,0,0,1,0,0,0,0,8
0,23,79,7,5,0,0,0,0,0,0,0,0,3
0,87,42,7,6,0,0,0,0,0,0,0,0,7
1,64,58,4,6,1,0,0,0,0,0,0,0,8
0,15,9,10,7,1,0,0,0,0,0,0,0,10
0,14,17,9,3,0,0,0,0,0,0,0,0,4
1,54,65,7,6,0,0,0,0,0,0,0,0,9
1,76,44,5,3,1,0,0,0,0,0,0,0,7
0,76,49,5,1,0,0,0,0,0,0,0,0,8
0,52,38,5,5,0,0,0,0,0,0,0,0,4
1,96,6,9,4,0,0,0,0,0,0,0,0,6
0,55,50,10,5,0,0,0,0,1,0,0,0,4
0,54,64,4,5,0,0,0,0,0,0,0,0,9
1,19,100,6,4,0,0,0,0,0,0,0,0,7
1,29,74,5,3,0,0,0,0,0,0,0,1,7
1,96,47,7,4,0,1,0,0,0,0,0,0,7
0,20,21,8,5,0,0,0,0,0,0,0,0,8
0,91,64,7,6,0,0,0,0,0,0,1,0,8
1,37,38,5,5,0,0,0,0,1,0,0,0,6
1,42,69,4,1,0,0,1,0,0,0,0,0,4
1,1,75,10,5,0,0,0,0,0,0,0,0,3
0,58,80,8,6,0,0,1,0,0,0,0,0,8
0,42,24,6,1,0,0,1,0,0,0,0,0,10
0,48,45,9,6,0,0,0,0,0,0,1,0,7
0,11,39,6,2,0,0,0,0,0,0,0,1,10
1,59,87,9,3,0,0,0,0,0,0,0,0,6
0,45,32,9,2,0,0,1,0,0,0,0,0,8
1,73,97,5,1,1,0,0,0,0,0,0,0,8
0,85,21,4,6,0,1,0,0,0,0,0,0,8
0,70,49,4,5,0,0,1,0,0,0,0,0,6
0,52,46,7,2,0,1,0,0,0,0,0,0,6
1,70,51,7,7,0,0,0,0,0,1,0,0,7
0,88,90,7,6,0,0,0,0,0,0,0,0,8
1,61,96,9,5,0,0,0,0,0,0,0,0,10
0,46,34,8,3,0,0,0,0,0,0,0,0,6
1,65,32,8,4,0,0,0,0,0,1,0,0,7
0,84,73,8,5,0,0,1,0,0,0,0,0,6
0,76,88,10,2,0,0,0,1,0,0,0,0,7
1,31,42,9,1,1,0,0,0,0,0,0,0,4
1,55,89,4,6,0,0,0,1,0,0,0,0,6
1,45,88,10,5,0,0,1,0,0,0,0,0,8
1,98,12,5,2,0,1,0,0,0,0,0,0,6
1,40,36,4,5,0,0,0,1,0,0,0,0,9
0,14,59,8,6,0,0,0,0,1,0,0,0,8
0,41,43,9,4,0,0,0,1,0,0,0,0,7
1,60,82,7,2,0,1,0,0,0,0,0,0,7
1,60,100,8,2,0,0,0,0,0,0,1,0,7
1,84,85,10,2,0,0,0,0,0,0,0,0,6
1,0,93,8,1,1,0,0,0,0,0,0,0,9
0,10,76,7,2,0,0,0,0,0,0,0,0,5
0,62,19,5,6,0,0,0,0,0,0,0,0,8
1,33,68,4,1,0,0,0,0,0,0,1,0,7
0,52,41,10,1,0,0,0,0,0,0,0,1,3
0,2,51,6,6,0,0,0,0,0,0,1,0,8
1,27,44,8,1,0,0,1,0,0,0,0,0,4
0,4,61,4,7,1,0,0,0,0,0,0,0,4
1,63,80,7,1,0,0,0,0,0,0,0,0,3
0,54,77,4,4,0,0,0,0,0,0,0,0,6
0,47,55,6,7,1,0,0,0,0,0,0,0,4
0,30,69,7,3,0,0,0,0,0,0,0,0,9
0,97,96,5,6,0,0,1,0,0,0,0,0,7
1,94,24,9,3,0,0,0,0,0,0,0,1,10
0,64,100,9,5,0,0,0,0,0,0,0,0,9
0,19,89,6,3,0,1,0,0,0,0,0,0,3
0,71,40,8,7,0,0,0,0,0,0,0,0,10
0,91,32,7,7,1,0,0,0,0,0,0,0,4
1,87,14,9,2,0,0,0,0,1,0,0,0,5
1,77,4,7,2,0,0,0,1,0,0,0,0,10
1,90,52,5,2,0,0,1,0,0,0,0,0,6
